emoji,name
ğŸ˜€,Grinning Face
ğŸ˜ƒ,Grinning Face with Big Eyes
ğŸ˜„,Grinning Face with Smiling Eyes
ğŸ˜,Beaming Face with Smiling Eyes
ğŸ˜†,Grinning Squinting Face
ğŸ˜…,Grinning Face with Sweat
ğŸ¤£,Rolling on the Floor Laughing
ğŸ˜‚,Face with Tears of Joy
ğŸ™‚,Slightly Smiling Face
ğŸ™ƒ,Upside-Down Face
ğŸ˜‰,Winking Face
ğŸ˜Š,Smiling Face with Smiling Eyes
ğŸ˜‡,Smiling Face with Halo
ğŸ¥°,Smiling Face with Hearts
ğŸ˜,Smiling Face with Heart-Eyes
ğŸ¤©,Star-Struck
ğŸ˜˜,Face Blowing a Kiss
ğŸ˜—,Kissing Face
â˜ºï¸, Smiling Face
ğŸ˜š,Kissing Face with Closed Eyes
ğŸ˜™,Kissing Face with Smiling Eyes
ğŸ¥²,Smiling Face with Tear
ğŸ˜‹,Face Savoring Food
ğŸ˜›,Face with Tongue
ğŸ˜œ,Winking Face with Tongue
ğŸ¤ª,Zany Face
ğŸ˜,Squinting Face with Tongue
ğŸ¤‘,Money-Mouth Face
ğŸ¤—,Hugging Face
ğŸ¤­,Face with Hand Over Mouth
ğŸ¤«,Shushing Face
ğŸ¤”,Thinking Face
ğŸ¤,Zipper-Mouth Face
ğŸ¤¨,Face with Raised Eyebrow
ğŸ˜,Neutral Face
ğŸ˜‘,Expressionless Face
ğŸ˜¶,Face Without Mouth
ğŸ˜,Smirking Face
ğŸ˜’,Unamused Face
ğŸ™„,Face with Rolling Eyes
ğŸ˜¬,Grimacing Face
ğŸ¤¥,Lying Face
ğŸ˜Œ,Relieved Face
ğŸ˜”,Pensive Face
ğŸ˜ª,Sleepy Face
ğŸ¤¤,Drooling Face
ğŸ˜´,Sleeping Face
ğŸ˜·,Face with Medical Mask
ğŸ¤’,Face with Thermometer
ğŸ¤•,Face with Head-Bandage
ğŸ¤¢,Nauseated Face
ğŸ¤®,Face Vomiting
ğŸ¤§,Sneezing Face
ğŸ¥µ,Hot Face
ğŸ¥¶,Cold Face
ğŸ¥´,Woozy Face
ğŸ˜µ,Dizzy Face
ğŸ¤¯,Exploding Head
ğŸ¤ ,Cowboy Hat Face
ğŸ¥³,Partying Face
ğŸ¥¸,Disguised Face
ğŸ˜,Smiling Face with Sunglasses
ğŸ¤“,Nerd Face
ğŸ§,Face with Monocle
ğŸ˜•,Confused Face
ğŸ˜Ÿ,Worried Face
ğŸ™,Slightly Frowning Face
â˜¹ï¸, Frowning Face
ğŸ˜®,Face with Open Mouth
ğŸ˜¯,Hushed Face
ğŸ˜²,Astonished Face
ğŸ˜³,Flushed Face
ğŸ¥º,Pleading Face
ğŸ˜¦,Frowning Face with Open Mouth
ğŸ˜§,Anguished Face
ğŸ˜¨,Fearful Face
ğŸ˜°,Anxious Face with Sweat
ğŸ˜¥,Sad but Relieved Face
ğŸ˜¢,Crying Face
ğŸ˜­,Loudly Crying Face
ğŸ˜±,Face Screaming in Fear
ğŸ˜–,Confounded Face
ğŸ˜£,Persevering Face
ğŸ˜,Disappointed Face
ğŸ˜“,Downcast Face with Sweat
ğŸ˜©,Weary Face
ğŸ˜«,Tired Face
ğŸ¥±,Yawning Face
ğŸ˜¤,Face with Steam From Nose
ğŸ˜¡,Pouting Face
ğŸ˜ ,Angry Face
ğŸ¤¬,Face with Symbols on Mouth
ğŸ˜ˆ,Smiling Face with Horns
ğŸ‘¿,Angry Face with Horns
ğŸ’€,Skull
â˜ ï¸, Skull and Crossbones
ğŸ’©,Pile of Poo
ğŸ¤¡,Clown Face
ğŸ‘¹,Ogre
ğŸ‘º,Goblin
ğŸ‘»,Ghost
ğŸ‘½,Alien
ğŸ‘¾,Alien Monster
ğŸ¤–,Robot
ğŸ˜º,Grinning Cat
ğŸ˜¸,Grinning Cat with Smiling Eyes
ğŸ˜¹,Cat with Tears of Joy
ğŸ˜»,Smiling Cat with Heart-Eyes
ğŸ˜¼,Cat with Wry Smile
ğŸ˜½,Kissing Cat
ğŸ™€,Weary Cat
ğŸ˜¿,Crying Cat
ğŸ˜¾,Pouting Cat
ğŸ’‹,Kiss Mark
ğŸ‘‹,Waving Hand
ğŸ¤š,Raised Back of Hand
ğŸ–ï¸, Hand with Fingers Splayed
âœ‹,Raised Hand
ğŸ––,Vulcan Salute
ğŸ‘Œ,OK Hand
ğŸ¤Œ,Pinched Fingers
ğŸ¤,Pinching Hand
âœŒï¸, Victory Hand
ğŸ¤,Crossed Fingers
ğŸ¤Ÿ,Love-You Gesture
ğŸ¤˜,Sign of the Horns
ğŸ¤™,Call Me Hand
ğŸ‘ˆ,Backhand Index Pointing Left
ğŸ‘‰,Backhand Index Pointing Right
ğŸ‘†,Backhand Index Pointing Up
ğŸ–•,Middle Finger
ğŸ‘‡,Backhand Index Pointing Down
â˜ï¸, Index Pointing Up
ğŸ‘,Thumbs Up
ğŸ‘,Thumbs Down
âœŠ,Raised Fist
ğŸ‘Š,Oncoming Fist
ğŸ¤›,Left-Facing Fist
ğŸ¤œ,Right-Facing Fist
ğŸ‘,Clapping Hands
ğŸ™Œ,Raising Hands
ğŸ‘,Open Hands
ğŸ¤²,Palms Up Together
ğŸ¤,Handshake
ğŸ™,Folded Hands
âœï¸, Writing Hand
ğŸ’…,Nail Polish
ğŸ¤³,Selfie
ğŸ’ª,Flexed Biceps
ğŸ¦¾,Mechanical Arm
ğŸ¦¿,Mechanical Leg
ğŸ¦µ,Leg
ğŸ¦¶,Foot
ğŸ‘‚,Ear
ğŸ¦»,Ear with Hearing Aid
ğŸ‘ƒ,Nose
ğŸ§ ,Brain
ğŸ«€,Anatomical Heart
ğŸ«,Lungs
ğŸ¦·,Tooth
ğŸ¦´,Bone
ğŸ‘€,Eyes
ğŸ‘ï¸, Eye
ğŸ‘…,Tongue
ğŸ‘„,Mouth
ğŸ‘¶,Baby
ğŸ§’,Child
ğŸ‘¦,Boy
ğŸ‘§,Girl
ğŸ§‘,Person
ğŸ‘±,Person: Blond Hair
ğŸ‘¨,Man
ğŸ§”,Person: Beard
ğŸ‘¨â€ğŸ¦°,ğŸ¦° Man: Red Hair
ğŸ‘¨â€ğŸ¦±,ğŸ¦± Man: Curly Hair
ğŸ‘¨â€ğŸ¦³,ğŸ¦³ Man: White Hair
ğŸ‘¨â€ğŸ¦²,ğŸ¦² Man: Bald
ğŸ‘©,Woman
ğŸ‘©â€ğŸ¦°,ğŸ¦° Woman: Red Hair
ğŸ§‘â€ğŸ¦°,ğŸ¦° Person: Red Hair
ğŸ‘©â€ğŸ¦±,ğŸ¦± Woman: Curly Hair
ğŸ§‘â€ğŸ¦±,ğŸ¦± Person: Curly Hair
ğŸ‘©â€ğŸ¦³,ğŸ¦³ Woman: White Hair
ğŸ§‘â€ğŸ¦³,ğŸ¦³ Person: White Hair
ğŸ‘©â€ğŸ¦²,ğŸ¦² Woman: Bald
ğŸ§‘â€ğŸ¦²,ğŸ¦² Person: Bald
ğŸ‘±â€â™€ï¸,â™€ï¸ Woman: Blond Hair
ğŸ‘±â€â™‚ï¸,â™‚ï¸ Man: Blond Hair
ğŸ§“,Older Person
ğŸ‘´,Old Man
ğŸ‘µ,Old Woman
ğŸ™,Person Frowning
ğŸ™â€â™‚ï¸,â™‚ï¸ Man Frowning
ğŸ™â€â™€ï¸,â™€ï¸ Woman Frowning
ğŸ™,Person Pouting
ğŸ™â€â™‚ï¸,â™‚ï¸ Man Pouting
ğŸ™â€â™€ï¸,â™€ï¸ Woman Pouting
ğŸ™…,Person Gesturing No
ğŸ™…â€â™‚ï¸,â™‚ï¸ Man Gesturing No
ğŸ™…â€â™€ï¸,â™€ï¸ Woman Gesturing No
ğŸ™†,Person Gesturing OK
ğŸ™†â€â™‚ï¸,â™‚ï¸ Man Gesturing OK
ğŸ™†â€â™€ï¸,â™€ï¸ Woman Gesturing OK
ğŸ’,Person Tipping Hand
ğŸ’â€â™‚ï¸,â™‚ï¸ Man Tipping Hand
ğŸ’â€â™€ï¸,â™€ï¸ Woman Tipping Hand
ğŸ™‹,Person Raising Hand
ğŸ™‹â€â™‚ï¸,â™‚ï¸ Man Raising Hand
ğŸ™‹â€â™€ï¸,â™€ï¸ Woman Raising Hand
ğŸ§,Deaf Person
ğŸ§â€â™‚ï¸,â™‚ï¸ Deaf Man
ğŸ§â€â™€ï¸,â™€ï¸ Deaf Woman
ğŸ™‡,Person Bowing
ğŸ™‡â€â™‚ï¸,â™‚ï¸ Man Bowing
ğŸ™‡â€â™€ï¸,â™€ï¸ Woman Bowing
ğŸ¤¦,Person Facepalming
ğŸ¤¦â€â™‚ï¸,â™‚ï¸ Man Facepalming
ğŸ¤¦â€â™€ï¸,â™€ï¸ Woman Facepalming
ğŸ¤·,Person Shrugging
ğŸ¤·â€â™‚ï¸,â™‚ï¸ Man Shrugging
ğŸ¤·â€â™€ï¸,â™€ï¸ Woman Shrugging
ğŸ§‘â€âš•ï¸,âš•ï¸ Health Worker
ğŸ‘¨â€âš•ï¸,âš•ï¸ Man Health Worker
ğŸ‘©â€âš•ï¸,âš•ï¸ Woman Health Worker
ğŸ§‘â€ğŸ“,ğŸ“ Student
ğŸ‘¨â€ğŸ“,ğŸ“ Man Student
ğŸ‘©â€ğŸ“,ğŸ“ Woman Student
ğŸ§‘â€ğŸ«,ğŸ« Teacher
ğŸ‘¨â€ğŸ«,ğŸ« Man Teacher
ğŸ‘©â€ğŸ«,ğŸ« Woman Teacher
ğŸ§‘â€âš–ï¸,âš–ï¸ Judge
ğŸ‘¨â€âš–ï¸,âš–ï¸ Man Judge
ğŸ‘©â€âš–ï¸,âš–ï¸ Woman Judge
ğŸ§‘â€ğŸŒ¾,ğŸŒ¾ Farmer
ğŸ‘¨â€ğŸŒ¾,ğŸŒ¾ Man Farmer
ğŸ‘©â€ğŸŒ¾,ğŸŒ¾ Woman Farmer
ğŸ§‘â€ğŸ³,ğŸ³ Cook
ğŸ‘¨â€ğŸ³,ğŸ³ Man Cook
ğŸ‘©â€ğŸ³,ğŸ³ Woman Cook
ğŸ§‘â€ğŸ”§,ğŸ”§ Mechanic
ğŸ‘¨â€ğŸ”§,ğŸ”§ Man Mechanic
ğŸ‘©â€ğŸ”§,ğŸ”§ Woman Mechanic
ğŸ§‘â€ğŸ­,ğŸ­ Factory Worker
ğŸ‘¨â€ğŸ­,ğŸ­ Man Factory Worker
ğŸ‘©â€ğŸ­,ğŸ­ Woman Factory Worker
ğŸ§‘â€ğŸ’¼,ğŸ’¼ Office Worker
ğŸ‘¨â€ğŸ’¼,ğŸ’¼ Man Office Worker
ğŸ‘©â€ğŸ’¼,ğŸ’¼ Woman Office Worker
ğŸ§‘â€ğŸ”¬,ğŸ”¬ Scientist
ğŸ‘¨â€ğŸ”¬,ğŸ”¬ Man Scientist
ğŸ‘©â€ğŸ”¬,ğŸ”¬ Woman Scientist
ğŸ§‘â€ğŸ’»,ğŸ’» Technologist
ğŸ‘¨â€ğŸ’»,ğŸ’» Man Technologist
ğŸ‘©â€ğŸ’»,ğŸ’» Woman Technologist
ğŸ§‘â€ğŸ¤,ğŸ¤ Singer
ğŸ‘¨â€ğŸ¤,ğŸ¤ Man Singer
ğŸ‘©â€ğŸ¤,ğŸ¤ Woman Singer
ğŸ§‘â€ğŸ¨,ğŸ¨ Artist
ğŸ‘¨â€ğŸ¨,ğŸ¨ Man Artist
ğŸ‘©â€ğŸ¨,ğŸ¨ Woman Artist
ğŸ§‘â€âœˆï¸,âœˆï¸ Pilot
ğŸ‘¨â€âœˆï¸,âœˆï¸ Man Pilot
ğŸ‘©â€âœˆï¸,âœˆï¸ Woman Pilot
ğŸ§‘â€ğŸš€,ğŸš€ Astronaut
ğŸ‘¨â€ğŸš€,ğŸš€ Man Astronaut
ğŸ‘©â€ğŸš€,ğŸš€ Woman Astronaut
ğŸ§‘â€ğŸš’,ğŸš’ Firefighter
ğŸ‘¨â€ğŸš’,ğŸš’ Man Firefighter
ğŸ‘©â€ğŸš’,ğŸš’ Woman Firefighter
ğŸ‘®,Police Officer
ğŸ‘®â€â™‚ï¸,â™‚ï¸ Man Police Officer
ğŸ‘®â€â™€ï¸,â™€ï¸ Woman Police Officer
ğŸ•µï¸, Detective
ğŸ•µï¸â€â™‚ï¸,â€â™‚ï¸ Man Detective
ğŸ•µï¸â€â™€ï¸,â€â™€ï¸ Woman Detective
ğŸ’‚,Guard
ğŸ’‚â€â™‚ï¸,â™‚ï¸ Man Guard
ğŸ’‚â€â™€ï¸,â™€ï¸ Woman Guard
ğŸ¥·,Ninja
ğŸ‘·,Construction Worker
ğŸ‘·â€â™‚ï¸,â™‚ï¸ Man Construction Worker
ğŸ‘·â€â™€ï¸,â™€ï¸ Woman Construction Worker
ğŸ¤´,Prince
ğŸ‘¸,Princess
ğŸ‘³,Person Wearing Turban
ğŸ‘³â€â™‚ï¸,â™‚ï¸ Man Wearing Turban
ğŸ‘³â€â™€ï¸,â™€ï¸ Woman Wearing Turban
ğŸ‘²,Person With Skullcap
ğŸ§•,Woman with Headscarf
ğŸ¤µ,Person in Tuxedo
ğŸ¤µâ€â™‚ï¸,â™‚ï¸ Man in Tuxedo
ğŸ¤µâ€â™€ï¸,â™€ï¸ Woman in Tuxedo
ğŸ‘°,Person With Veil
ğŸ‘°â€â™‚ï¸,â™‚ï¸ Man with Veil
ğŸ‘°â€â™€ï¸,â™€ï¸ Woman with Veil
ğŸ¤°,Pregnant Woman
ğŸ¤±,Breast-Feeding
ğŸ‘©â€ğŸ¼,ğŸ¼ Woman Feeding Baby
ğŸ‘¨â€ğŸ¼,ğŸ¼ Man Feeding Baby
ğŸ§‘â€ğŸ¼,ğŸ¼ Person Feeding Baby
ğŸ‘¼,Baby Angel
ğŸ…,Santa Claus
ğŸ¤¶,Mrs. Claus
ğŸ§‘â€ğŸ„,ğŸ„ Mx Claus
ğŸ¦¸,Superhero
ğŸ¦¸â€â™‚ï¸,â™‚ï¸ Man Superhero
ğŸ¦¸â€â™€ï¸,â™€ï¸ Woman Superhero
ğŸ¦¹,Supervillain
ğŸ¦¹â€â™‚ï¸,â™‚ï¸ Man Supervillain
ğŸ¦¹â€â™€ï¸,â™€ï¸ Woman Supervillain
ğŸ§™,Mage
ğŸ§™â€â™‚ï¸,â™‚ï¸ Man Mage
ğŸ§™â€â™€ï¸,â™€ï¸ Woman Mage
ğŸ§š,Fairy
ğŸ§šâ€â™‚ï¸,â™‚ï¸ Man Fairy
ğŸ§šâ€â™€ï¸,â™€ï¸ Woman Fairy
ğŸ§›,Vampire
ğŸ§›â€â™‚ï¸,â™‚ï¸ Man Vampire
ğŸ§›â€â™€ï¸,â™€ï¸ Woman Vampire
ğŸ§œ,Merperson
ğŸ§œâ€â™‚ï¸,â™‚ï¸ Merman
ğŸ§œâ€â™€ï¸,â™€ï¸ Mermaid
ğŸ§,Elf
ğŸ§â€â™‚ï¸,â™‚ï¸ Man Elf
ğŸ§â€â™€ï¸,â™€ï¸ Woman Elf
ğŸ§,Genie
ğŸ§â€â™‚ï¸,â™‚ï¸ Man Genie
ğŸ§â€â™€ï¸,â™€ï¸ Woman Genie
ğŸ§Ÿ,Zombie
ğŸ§Ÿâ€â™‚ï¸,â™‚ï¸ Man Zombie
ğŸ§Ÿâ€â™€ï¸,â™€ï¸ Woman Zombie
ğŸ’†,Person Getting Massage
ğŸ’†â€â™‚ï¸,â™‚ï¸ Man Getting Massage
ğŸ’†â€â™€ï¸,â™€ï¸ Woman Getting Massage
ğŸ’‡,Person Getting Haircut
ğŸ’‡â€â™‚ï¸,â™‚ï¸ Man Getting Haircut
ğŸ’‡â€â™€ï¸,â™€ï¸ Woman Getting Haircut
ğŸš¶,Person Walking
ğŸš¶â€â™‚ï¸,â™‚ï¸ Man Walking
ğŸš¶â€â™€ï¸,â™€ï¸ Woman Walking
ğŸ§,Person Standing
ğŸ§â€â™‚ï¸,â™‚ï¸ Man Standing
ğŸ§â€â™€ï¸,â™€ï¸ Woman Standing
ğŸ§,Person Kneeling
ğŸ§â€â™‚ï¸,â™‚ï¸ Man Kneeling
ğŸ§â€â™€ï¸,â™€ï¸ Woman Kneeling
ğŸ§‘â€ğŸ¦¯,ğŸ¦¯ Person with White Cane
ğŸ‘¨â€ğŸ¦¯,ğŸ¦¯ Man with White Cane
ğŸ‘©â€ğŸ¦¯,ğŸ¦¯ Woman with White Cane
ğŸ§‘â€ğŸ¦¼,ğŸ¦¼ Person in Motorized Wheelchair
ğŸ‘¨â€ğŸ¦¼,ğŸ¦¼ Man in Motorized Wheelchair
ğŸ‘©â€ğŸ¦¼,ğŸ¦¼ Woman in Motorized Wheelchair
ğŸ§‘â€ğŸ¦½,ğŸ¦½ Person in Manual Wheelchair
ğŸ‘¨â€ğŸ¦½,ğŸ¦½ Man in Manual Wheelchair
ğŸ‘©â€ğŸ¦½,ğŸ¦½ Woman in Manual Wheelchair
ğŸƒ,Person Running
ğŸƒâ€â™‚ï¸,â™‚ï¸ Man Running
ğŸƒâ€â™€ï¸,â™€ï¸ Woman Running
ğŸ’ƒ,Woman Dancing
ğŸ•º,Man Dancing
ğŸ•´ï¸, Person in Suit Levitating
ğŸ‘¯,People with Bunny Ears
ğŸ‘¯â€â™‚ï¸,â™‚ï¸ Men with Bunny Ears
ğŸ‘¯â€â™€ï¸,â™€ï¸ Women with Bunny Ears
ğŸ§–,Person in Steamy Room
ğŸ§–â€â™‚ï¸,â™‚ï¸ Man in Steamy Room
ğŸ§–â€â™€ï¸,â™€ï¸ Woman in Steamy Room
ğŸ§˜,Person in Lotus Position
ğŸ§‘â€ğŸ¤â€ğŸ§‘,ğŸ¤â€ğŸ§‘ People Holding Hands
ğŸ‘­,Women Holding Hands
ğŸ‘«,Woman and Man Holding Hands
ğŸ‘¬,Men Holding Hands
ğŸ’,Kiss
ğŸ‘©â€â¤ï¸â€ğŸ’‹â€ğŸ‘¨,"â¤ï¸â€ğŸ’‹â€ğŸ‘¨ Kiss: Woman, Man"
ğŸ‘¨â€â¤ï¸â€ğŸ’‹â€ğŸ‘¨,"â¤ï¸â€ğŸ’‹â€ğŸ‘¨ Kiss: Man, Man"
ğŸ‘©â€â¤ï¸â€ğŸ’‹â€ğŸ‘©,"â¤ï¸â€ğŸ’‹â€ğŸ‘© Kiss: Woman, Woman"
ğŸ’‘,Couple with Heart
ğŸ‘©â€â¤ï¸â€ğŸ‘¨,"â¤ï¸â€ğŸ‘¨ Couple with Heart: Woman, Man"
ğŸ‘¨â€â¤ï¸â€ğŸ‘¨,"â¤ï¸â€ğŸ‘¨ Couple with Heart: Man, Man"
ğŸ‘©â€â¤ï¸â€ğŸ‘©,"â¤ï¸â€ğŸ‘© Couple with Heart: Woman, Woman"
ğŸ‘ª,Family
ğŸ‘¨â€ğŸ‘©â€ğŸ‘¦,"ğŸ‘©â€ğŸ‘¦ Family: Man, Woman, Boy"
ğŸ‘¨â€ğŸ‘©â€ğŸ‘§,"ğŸ‘©â€ğŸ‘§ Family: Man, Woman, Girl"
ğŸ‘¨â€ğŸ‘©â€ğŸ‘§â€ğŸ‘¦,"ğŸ‘©â€ğŸ‘§â€ğŸ‘¦ Family: Man, Woman, Girl, Boy"
ğŸ‘¨â€ğŸ‘©â€ğŸ‘¦â€ğŸ‘¦,"ğŸ‘©â€ğŸ‘¦â€ğŸ‘¦ Family: Man, Woman, Boy, Boy"
ğŸ‘¨â€ğŸ‘©â€ğŸ‘§â€ğŸ‘§,"ğŸ‘©â€ğŸ‘§â€ğŸ‘§ Family: Man, Woman, Girl, Girl"
ğŸ‘¨â€ğŸ‘¨â€ğŸ‘¦,"ğŸ‘¨â€ğŸ‘¦ Family: Man, Man, Boy"
ğŸ‘¨â€ğŸ‘¨â€ğŸ‘§,"ğŸ‘¨â€ğŸ‘§ Family: Man, Man, Girl"
ğŸ‘¨â€ğŸ‘¨â€ğŸ‘§â€ğŸ‘¦,"ğŸ‘¨â€ğŸ‘§â€ğŸ‘¦ Family: Man, Man, Girl, Boy"
ğŸ‘¨â€ğŸ‘¨â€ğŸ‘¦â€ğŸ‘¦,"ğŸ‘¨â€ğŸ‘¦â€ğŸ‘¦ Family: Man, Man, Boy, Boy"
ğŸ‘¨â€ğŸ‘¨â€ğŸ‘§â€ğŸ‘§,"ğŸ‘¨â€ğŸ‘§â€ğŸ‘§ Family: Man, Man, Girl, Girl"
ğŸ‘©â€ğŸ‘©â€ğŸ‘¦,"ğŸ‘©â€ğŸ‘¦ Family: Woman, Woman, Boy"
ğŸ‘©â€ğŸ‘©â€ğŸ‘§,"ğŸ‘©â€ğŸ‘§ Family: Woman, Woman, Girl"
ğŸ‘©â€ğŸ‘©â€ğŸ‘§â€ğŸ‘¦,"ğŸ‘©â€ğŸ‘§â€ğŸ‘¦ Family: Woman, Woman, Girl, Boy"
ğŸ‘©â€ğŸ‘©â€ğŸ‘¦â€ğŸ‘¦,"ğŸ‘©â€ğŸ‘¦â€ğŸ‘¦ Family: Woman, Woman, Boy, Boy"
ğŸ‘©â€ğŸ‘©â€ğŸ‘§â€ğŸ‘§,"ğŸ‘©â€ğŸ‘§â€ğŸ‘§ Family: Woman, Woman, Girl, Girl"
ğŸ‘¨â€ğŸ‘¦,"ğŸ‘¦ Family: Man, Boy"
ğŸ‘¨â€ğŸ‘¦â€ğŸ‘¦,"ğŸ‘¦â€ğŸ‘¦ Family: Man, Boy, Boy"
ğŸ‘¨â€ğŸ‘§,"ğŸ‘§ Family: Man, Girl"
ğŸ‘¨â€ğŸ‘§â€ğŸ‘¦,"ğŸ‘§â€ğŸ‘¦ Family: Man, Girl, Boy"
ğŸ‘¨â€ğŸ‘§â€ğŸ‘§,"ğŸ‘§â€ğŸ‘§ Family: Man, Girl, Girl"
ğŸ‘©â€ğŸ‘¦,"ğŸ‘¦ Family: Woman, Boy"
ğŸ‘©â€ğŸ‘¦â€ğŸ‘¦,"ğŸ‘¦â€ğŸ‘¦ Family: Woman, Boy, Boy"
ğŸ‘©â€ğŸ‘§,"ğŸ‘§ Family: Woman, Girl"
ğŸ‘©â€ğŸ‘§â€ğŸ‘¦,"ğŸ‘§â€ğŸ‘¦ Family: Woman, Girl, Boy"
ğŸ‘©â€ğŸ‘§â€ğŸ‘§,"ğŸ‘§â€ğŸ‘§ Family: Woman, Girl, Girl"
ğŸ—£ï¸, Speaking Head
ğŸ‘¤,Bust in Silhouette
ğŸ‘¥,Busts in Silhouette
ğŸ«‚,People Hugging
ğŸ‘£,Footprints
ğŸ§³,Luggage
ğŸŒ‚,Closed Umbrella
â˜‚ï¸, Umbrella
ğŸƒ,Jack-O-Lantern
ğŸ§µ,Thread
ğŸ§¶,Yarn
ğŸ‘“,Glasses
ğŸ•¶ï¸, Sunglasses
ğŸ¥½,Goggles
ğŸ¥¼,Lab Coat
ğŸ¦º,Safety Vest
ğŸ‘”,Necktie
ğŸ‘•,T-Shirt
ğŸ‘–,Jeans
ğŸ§£,Scarf
ğŸ§¤,Gloves
ğŸ§¥,Coat
ğŸ§¦,Socks
ğŸ‘—,Dress
ğŸ‘˜,Kimono
ğŸ¥»,Sari
ğŸ©±,One-Piece Swimsuit
ğŸ©²,Briefs
ğŸ©³,Shorts
ğŸ‘™,Bikini
ğŸ‘š,Womanâ€™s Clothes
ğŸ‘›,Purse
ğŸ‘œ,Handbag
ğŸ‘,Clutch Bag
ğŸ’,Backpack
ğŸ©´,Thong Sandal
ğŸ‘,Manâ€™s Shoe
ğŸ‘Ÿ,Running Shoe
ğŸ¥¾,Hiking Boot
ğŸ¥¿,Flat Shoe
ğŸ‘ ,High-Heeled Shoe
ğŸ‘¡,Womanâ€™s Sandal
ğŸ©°,Ballet Shoes
ğŸ‘¢,Womanâ€™s Boot
ğŸ‘‘,Crown
ğŸ‘’,Womanâ€™s Hat
ğŸ©,Top Hat
ğŸ“,Graduation Cap
ğŸ§¢,Billed Cap
ğŸª–,Military Helmet
â›‘ï¸, Rescue Workerâ€™s Helmet
ğŸ’„,Lipstick
ğŸ’,Ring
ğŸ’¼,Briefcase
ğŸ©¸,Drop of Blood
ğŸ˜®â€ğŸ’¨,ğŸ’¨ Face Exhaling
ğŸ˜µâ€ğŸ’«,ğŸ’« Face with Spiral Eyes
ğŸ˜¶â€ğŸŒ«ï¸,ğŸŒ«ï¸ Face in Clouds
ğŸ™ˆ,See-No-Evil Monkey
ğŸ™‰,Hear-No-Evil Monkey
ğŸ™Š,Speak-No-Evil Monkey
ğŸ’¥,Collision
ğŸ’«,Dizzy
ğŸ’¦,Sweat Droplets
ğŸ’¨,Dashing Away
ğŸµ,Monkey Face
ğŸ’,Monkey
ğŸ¦,Gorilla
ğŸ¦§,Orangutan
ğŸ¶,Dog Face
ğŸ•,Dog
ğŸ¦®,Guide Dog
ğŸ•â€ğŸ¦º,ğŸ¦º Service Dog
ğŸ©,Poodle
ğŸº,Wolf
ğŸ¦Š,Fox
ğŸ¦,Raccoon
ğŸ±,Cat Face
ğŸˆ,Cat
ğŸˆâ€â¬›,â¬› Black Cat
ğŸ¦,Lion
ğŸ¯,Tiger Face
ğŸ…,Tiger
ğŸ†,Leopard
ğŸ´,Horse Face
ğŸ,Horse
ğŸ¦„,Unicorn
ğŸ¦“,Zebra
ğŸ¦Œ,Deer
ğŸ¦¬,Bison
ğŸ®,Cow Face
ğŸ‚,Ox
ğŸƒ,Water Buffalo
ğŸ„,Cow
ğŸ·,Pig Face
ğŸ–,Pig
ğŸ—,Boar
ğŸ½,Pig Nose
ğŸ,Ram
ğŸ‘,Ewe
ğŸ,Goat
ğŸª,Camel
ğŸ«,Two-Hump Camel
ğŸ¦™,Llama
ğŸ¦’,Giraffe
ğŸ˜,Elephant
ğŸ¦£,Mammoth
ğŸ¦,Rhinoceros
ğŸ¦›,Hippopotamus
ğŸ­,Mouse Face
ğŸ,Mouse
ğŸ€,Rat
ğŸ¹,Hamster
ğŸ°,Rabbit Face
ğŸ‡,Rabbit
ğŸ¿ï¸, Chipmunk
ğŸ¦«,Beaver
ğŸ¦”,Hedgehog
ğŸ¦‡,Bat
ğŸ»,Bear
ğŸ»â€â„ï¸,â„ï¸ Polar Bear
ğŸ¨,Koala
ğŸ¼,Panda
ğŸ¦¥,Sloth
ğŸ¦¦,Otter
ğŸ¦¨,Skunk
ğŸ¦˜,Kangaroo
ğŸ¦¡,Badger
ğŸ¾,Paw Prints
ğŸ¦ƒ,Turkey
ğŸ”,Chicken
ğŸ“,Rooster
ğŸ£,Hatching Chick
ğŸ¤,Baby Chick
ğŸ¥,Front-Facing Baby Chick
ğŸ¦,Bird
ğŸ§,Penguin
ğŸ•Šï¸, Dove
ğŸ¦…,Eagle
ğŸ¦†,Duck
ğŸ¦¢,Swan
ğŸ¦‰,Owl
ğŸ¦¤,Dodo
ğŸª¶,Feather
ğŸ¦©,Flamingo
ğŸ¦š,Peacock
ğŸ¦œ,Parrot
ğŸ¸,Frog
ğŸŠ,Crocodile
ğŸ¢,Turtle
ğŸ¦,Lizard
ğŸ,Snake
ğŸ²,Dragon Face
ğŸ‰,Dragon
ğŸ¦•,Sauropod
ğŸ¦–,T-Rex
ğŸ³,Spouting Whale
ğŸ‹,Whale
ğŸ¬,Dolphin
ğŸ¦­,Seal
ğŸŸ,Fish
ğŸ ,Tropical Fish
ğŸ¡,Blowfish
ğŸ¦ˆ,Shark
ğŸ™,Octopus
ğŸš,Spiral Shell
ğŸŒ,Snail
ğŸ¦‹,Butterfly
ğŸ›,Bug
ğŸœ,Ant
ğŸ,Honeybee
ğŸª²,Beetle
ğŸ,Lady Beetle
ğŸ¦—,Cricket
ğŸª³,Cockroach
ğŸ•·ï¸, Spider
ğŸ•¸ï¸, Spider Web
ğŸ¦‚,Scorpion
ğŸ¦Ÿ,Mosquito
ğŸª°,Fly
ğŸª±,Worm
ğŸ¦ ,Microbe
ğŸ’,Bouquet
ğŸŒ¸,Cherry Blossom
ğŸ’®,White Flower
ğŸµï¸, Rosette
ğŸŒ¹,Rose
ğŸ¥€,Wilted Flower
ğŸŒº,Hibiscus
ğŸŒ»,Sunflower
ğŸŒ¼,Blossom
ğŸŒ·,Tulip
ğŸŒ±,Seedling
ğŸª´,Potted Plant
ğŸŒ²,Evergreen Tree
ğŸŒ³,Deciduous Tree
ğŸŒ´,Palm Tree
ğŸŒµ,Cactus
ğŸŒ¾,Sheaf of Rice
ğŸŒ¿,Herb
â˜˜ï¸, Shamrock
ğŸ€,Four Leaf Clover
ğŸ,Maple Leaf
ğŸ‚,Fallen Leaf
ğŸƒ,Leaf Fluttering in Wind
ğŸ„,Mushroom
ğŸŒ°,Chestnut
ğŸ¦€,Crab
ğŸ¦,Lobster
ğŸ¦,Shrimp
ğŸ¦‘,Squid
ğŸŒ,Globe Showing Europe-Africa
ğŸŒ,Globe Showing Americas
ğŸŒ,Globe Showing Asia-Australia
ğŸŒ,Globe with Meridians
ğŸª¨,Rock
ğŸŒ‘,New Moon
ğŸŒ’,Waxing Crescent Moon
ğŸŒ“,First Quarter Moon
ğŸŒ”,Waxing Gibbous Moon
ğŸŒ•,Full Moon
ğŸŒ–,Waning Gibbous Moon
ğŸŒ—,Last Quarter Moon
ğŸŒ˜,Waning Crescent Moon
ğŸŒ™,Crescent Moon
ğŸŒš,New Moon Face
ğŸŒ›,First Quarter Moon Face
ğŸŒœ,Last Quarter Moon Face
â˜€ï¸, Sun
ğŸŒ,Full Moon Face
ğŸŒ,Sun with Face
â­,Star
ğŸŒŸ,Glowing Star
ğŸŒ ,Shooting Star
â˜ï¸, Cloud
â›…,Sun Behind Cloud
â›ˆï¸, Cloud with Lightning and Rain
ğŸŒ¤ï¸, Sun Behind Small Cloud
ğŸŒ¥ï¸, Sun Behind Large Cloud
ğŸŒ¦ï¸, Sun Behind Rain Cloud
ğŸŒ§ï¸, Cloud with Rain
ğŸŒ¨ï¸, Cloud with Snow
ğŸŒ©ï¸, Cloud with Lightning
ğŸŒªï¸, Tornado
ğŸŒ«ï¸, Fog
ğŸŒ¬ï¸, Wind Face
ğŸŒˆ,Rainbow
â˜‚ï¸, Umbrella
â˜”,Umbrella with Rain Drops
âš¡,High Voltage
â„ï¸, Snowflake
â˜ƒï¸, Snowman
â›„,Snowman Without Snow
â˜„ï¸, Comet
ğŸ”¥,Fire
ğŸ’§,Droplet
ğŸŒŠ,Water Wave
ğŸ„,Christmas Tree
âœ¨,Sparkles
ğŸ‹,Tanabata Tree
ğŸ,Pine Decoration
ğŸ‡,Grapes
ğŸˆ,Melon
ğŸ‰,Watermelon
ğŸŠ,Tangerine
ğŸ‹,Lemon
ğŸŒ,Banana
ğŸ,Pineapple
ğŸ¥­,Mango
ğŸ,Red Apple
ğŸ,Green Apple
ğŸ,Pear
ğŸ‘,Peach
ğŸ’,Cherries
ğŸ“,Strawberry
ğŸ«,Blueberries
ğŸ¥,Kiwi Fruit
ğŸ…,Tomato
ğŸ«’,Olive
ğŸ¥¥,Coconut
ğŸ¥‘,Avocado
ğŸ†,Eggplant
ğŸ¥”,Potato
ğŸ¥•,Carrot
ğŸŒ½,Ear of Corn
ğŸŒ¶ï¸, Hot Pepper
ğŸ«‘,Bell Pepper
ğŸ¥’,Cucumber
ğŸ¥¬,Leafy Green
ğŸ¥¦,Broccoli
ğŸ§„,Garlic
ğŸ§…,Onion
ğŸ„,Mushroom
ğŸ¥œ,Peanuts
ğŸŒ°,Chestnut
ğŸ,Bread
ğŸ¥,Croissant
ğŸ¥–,Baguette Bread
ğŸ«“,Flatbread
ğŸ¥¨,Pretzel
ğŸ¥¯,Bagel
ğŸ¥,Pancakes
ğŸ§‡,Waffle
ğŸ§€,Cheese Wedge
ğŸ–,Meat on Bone
ğŸ—,Poultry Leg
ğŸ¥©,Cut of Meat
ğŸ¥“,Bacon
ğŸ”,Hamburger
ğŸŸ,French Fries
ğŸ•,Pizza
ğŸŒ­,Hot Dog
ğŸ¥ª,Sandwich
ğŸŒ®,Taco
ğŸŒ¯,Burrito
ğŸ«”,Tamale
ğŸ¥™,Stuffed Flatbread
ğŸ§†,Falafel
ğŸ¥š,Egg
ğŸ³,Cooking
ğŸ¥˜,Shallow Pan of Food
ğŸ²,Pot of Food
ğŸ«•,Fondue
ğŸ¥£,Bowl with Spoon
ğŸ¥—,Green Salad
ğŸ¿,Popcorn
ğŸ§ˆ,Butter
ğŸ§‚,Salt
ğŸ¥«,Canned Food
ğŸ±,Bento Box
ğŸ˜,Rice Cracker
ğŸ™,Rice Ball
ğŸš,Cooked Rice
ğŸ›,Curry Rice
ğŸœ,Steaming Bowl
ğŸ,Spaghetti
ğŸ ,Roasted Sweet Potato
ğŸ¢,Oden
ğŸ£,Sushi
ğŸ¤,Fried Shrimp
ğŸ¥,Fish Cake with Swirl
ğŸ¥®,Moon Cake
ğŸ¡,Dango
ğŸ¥Ÿ,Dumpling
ğŸ¥ ,Fortune Cookie
ğŸ¥¡,Takeout Box
ğŸ¦ª,Oyster
ğŸ¦,Soft Ice Cream
ğŸ§,Shaved Ice
ğŸ¨,Ice Cream
ğŸ©,Doughnut
ğŸª,Cookie
ğŸ‚,Birthday Cake
ğŸ°,Shortcake
ğŸ§,Cupcake
ğŸ¥§,Pie
ğŸ«,Chocolate Bar
ğŸ¬,Candy
ğŸ­,Lollipop
ğŸ®,Custard
ğŸ¯,Honey Pot
ğŸ¼,Baby Bottle
ğŸ¥›,Glass of Milk
â˜•,Hot Beverage
ğŸ«–,Teapot
ğŸµ,Teacup Without Handle
ğŸ¶,Sake
ğŸ¾,Bottle with Popping Cork
ğŸ·,Wine Glass
ğŸ¸,Cocktail Glass
ğŸ¹,Tropical Drink
ğŸº,Beer Mug
ğŸ»,Clinking Beer Mugs
ğŸ¥‚,Clinking Glasses
ğŸ¥ƒ,Tumbler Glass
ğŸ¥¤,Cup with Straw
ğŸ§‹,Bubble Tea
ğŸ§ƒ,Beverage Box
ğŸ§‰,Mate
ğŸ§Š,Ice
ğŸ¥¢,Chopsticks
ğŸ½ï¸, Fork and Knife with Plate
ğŸ´,Fork and Knife
ğŸ¥„,Spoon
ğŸ•´ï¸, Person in Suit Levitating
ğŸ§—,Person Climbing
ğŸ§—â€â™‚ï¸,â™‚ï¸ Man Climbing
ğŸ§—â€â™€ï¸,â™€ï¸ Woman Climbing
ğŸ¤º,Person Fencing
ğŸ‡,Horse Racing
â›·ï¸, Skier
ğŸ‚,Snowboarder
ğŸŒï¸, Person Golfing
ğŸŒï¸â€â™‚ï¸,â€â™‚ï¸ Man Golfing
ğŸŒï¸â€â™€ï¸,â€â™€ï¸ Woman Golfing
ğŸ„,Person Surfing
ğŸ„â€â™‚ï¸,â™‚ï¸ Man Surfing
ğŸ„â€â™€ï¸,â™€ï¸ Woman Surfing
ğŸš£,Person Rowing Boat
ğŸš£â€â™‚ï¸,â™‚ï¸ Man Rowing Boat
ğŸš£â€â™€ï¸,â™€ï¸ Woman Rowing Boat
ğŸŠ,Person Swimming
ğŸŠâ€â™‚ï¸,â™‚ï¸ Man Swimming
ğŸŠâ€â™€ï¸,â™€ï¸ Woman Swimming
â›¹ï¸, Person Bouncing Ball
â›¹ï¸â€â™‚ï¸,â€â™‚ï¸ Man Bouncing Ball
â›¹ï¸â€â™€ï¸,â€â™€ï¸ Woman Bouncing Ball
ğŸ‹ï¸, Person Lifting Weights
ğŸ‹ï¸â€â™‚ï¸,â€â™‚ï¸ Man Lifting Weights
ğŸ‹ï¸â€â™€ï¸,â€â™€ï¸ Woman Lifting Weights
ğŸš´,Person Biking
ğŸš´â€â™‚ï¸,â™‚ï¸ Man Biking
ğŸš´â€â™€ï¸,â™€ï¸ Woman Biking
ğŸšµ,Person Mountain Biking
ğŸšµâ€â™‚ï¸,â™‚ï¸ Man Mountain Biking
ğŸšµâ€â™€ï¸,â™€ï¸ Woman Mountain Biking
ğŸ¤¸,Person Cartwheeling
ğŸ¤¸â€â™‚ï¸,â™‚ï¸ Man Cartwheeling
ğŸ¤¸â€â™€ï¸,â™€ï¸ Woman Cartwheeling
ğŸ¤¼,People Wrestling
ğŸ¤¼â€â™‚ï¸,â™‚ï¸ Men Wrestling
ğŸ¤¼â€â™€ï¸,â™€ï¸ Women Wrestling
ğŸ¤½,Person Playing Water Polo
ğŸ¤½â€â™‚ï¸,â™‚ï¸ Man Playing Water Polo
ğŸ¤½â€â™€ï¸,â™€ï¸ Woman Playing Water Polo
ğŸ¤¾,Person Playing Handball
ğŸ¤¾â€â™‚ï¸,â™‚ï¸ Man Playing Handball
ğŸ¤¾â€â™€ï¸,â™€ï¸ Woman Playing Handball
ğŸ¤¹,Person Juggling
ğŸ¤¹â€â™‚ï¸,â™‚ï¸ Man Juggling
ğŸ¤¹â€â™€ï¸,â™€ï¸ Woman Juggling
ğŸ§˜,Person in Lotus Position
ğŸ§˜â€â™‚ï¸,â™‚ï¸ Man in Lotus Position
ğŸ§˜â€â™€ï¸,â™€ï¸ Woman in Lotus Position
ğŸª,Circus Tent
ğŸ›¹,Skateboard
ğŸ›¼,Roller Skate
ğŸ›¶,Canoe
ğŸ—ï¸, Reminder Ribbon
ğŸŸï¸, Admission Tickets
ğŸ«,Ticket
ğŸ–ï¸, Military Medal
ğŸ†,Trophy
ğŸ…,Sports Medal
ğŸ¥‡,1st Place Medal
ğŸ¥ˆ,2nd Place Medal
ğŸ¥‰,3rd Place Medal
âš½,Soccer Ball
âš¾,Baseball
ğŸ¥,Softball
ğŸ€,Basketball
ğŸ,Volleyball
ğŸˆ,American Football
ğŸ‰,Rugby Football
ğŸ¾,Tennis
ğŸ¥,Flying Disc
ğŸ³,Bowling
ğŸ,Cricket Game
ğŸ‘,Field Hockey
ğŸ’,Ice Hockey
ğŸ¥,Lacrosse
ğŸ“,Ping Pong
ğŸ¸,Badminton
ğŸ¥Š,Boxing Glove
ğŸ¥‹,Martial Arts Uniform
ğŸ¥…,Goal Net
â›³,Flag in Hole
â›¸ï¸, Ice Skate
ğŸ£,Fishing Pole
ğŸ½,Running Shirt
ğŸ¿,Skis
ğŸ›·,Sled
ğŸ¥Œ,Curling Stone
ğŸ¯,Direct Hit
ğŸ±,Pool 8 Ball
ğŸ®,Video Game
ğŸ°,Slot Machine
ğŸ²,Game Die
ğŸ§©,Puzzle Piece
â™Ÿï¸, Chess Pawn
ğŸ­,Performing Arts
ğŸ¨,Artist Palette
ğŸ§µ,Thread
ğŸ§¶,Yarn
ğŸ¼,Musical Score
ğŸ¤,Microphone
ğŸ§,Headphone
ğŸ·,Saxophone
ğŸª—,Accordion
ğŸ¸,Guitar
ğŸ¹,Musical Keyboard
ğŸº,Trumpet
ğŸ»,Violin
ğŸ¥,Drum
ğŸª˜,Long Drum
ğŸ¬,Clapper Board
ğŸ¹,Bow and Arrow
ğŸš£,Person Rowing Boat
ğŸ—¾,Map of Japan
ğŸ”ï¸, Snow-Capped Mountain
â›°ï¸, Mountain
ğŸŒ‹,Volcano
ğŸ—»,Mount Fuji
ğŸ•ï¸, Camping
ğŸ–ï¸, Beach with Umbrella
ğŸœï¸, Desert
ğŸï¸, Desert Island
ğŸï¸, National Park
ğŸŸï¸, Stadium
ğŸ›ï¸, Classical Building
ğŸ—ï¸, Building Construction
ğŸ›–,Hut
ğŸ˜ï¸, Houses
ğŸšï¸, Derelict House
ğŸ ,House
ğŸ¡,House with Garden
ğŸ¢,Office Building
ğŸ£,Japanese Post Office
ğŸ¤,Post Office
ğŸ¥,Hospital
ğŸ¦,Bank
ğŸ¨,Hotel
ğŸ©,Love Hotel
ğŸª,Convenience Store
ğŸ«,School
ğŸ¬,Department Store
ğŸ­,Factory
ğŸ¯,Japanese Castle
ğŸ°,Castle
ğŸ’’,Wedding
ğŸ—¼,Tokyo Tower
ğŸ—½,Statue of Liberty
â›ª,Church
ğŸ•Œ,Mosque
ğŸ›•,Hindu Temple
ğŸ•,Synagogue
â›©ï¸, Shinto Shrine
ğŸ•‹,Kaaba
â›²,Fountain
â›º,Tent
ğŸŒ,Foggy
ğŸŒƒ,Night with Stars
ğŸ™ï¸, Cityscape
ğŸŒ„,Sunrise Over Mountains
ğŸŒ…,Sunrise
ğŸŒ†,Cityscape at Dusk
ğŸŒ‡,Sunset
ğŸŒ‰,Bridge at Night
ğŸ ,Carousel Horse
ğŸ¡,Ferris Wheel
ğŸ¢,Roller Coaster
ğŸš‚,Locomotive
ğŸšƒ,Railway Car
ğŸš„,High-Speed Train
ğŸš…,Bullet Train
ğŸš†,Train
ğŸš‡,Metro
ğŸšˆ,Light Rail
ğŸš‰,Station
ğŸšŠ,Tram
ğŸš,Monorail
ğŸš,Mountain Railway
ğŸš‹,Tram Car
ğŸšŒ,Bus
ğŸš,Oncoming Bus
ğŸš,Trolleybus
ğŸš,Minibus
ğŸš‘,Ambulance
ğŸš’,Fire Engine
ğŸš“,Police Car
ğŸš”,Oncoming Police Car
ğŸš•,Taxi
ğŸš–,Oncoming Taxi
ğŸš—,Automobile
ğŸš˜,Oncoming Automobile
ğŸš™,Sport Utility Vehicle
ğŸ›»,Pickup Truck
ğŸšš,Delivery Truck
ğŸš›,Articulated Lorry
ğŸšœ,Tractor
ğŸï¸, Racing Car
ğŸï¸, Motorcycle
ğŸ›µ,Motor Scooter
ğŸ›º,Auto Rickshaw
ğŸš²,Bicycle
ğŸ›´,Kick Scooter
ğŸš,Bus Stop
ğŸ›£ï¸, Motorway
ğŸ›¤ï¸, Railway Track
â›½,Fuel Pump
ğŸš¨,Police Car Light
ğŸš¥,Horizontal Traffic Light
ğŸš¦,Vertical Traffic Light
ğŸš§,Construction
âš“,Anchor
â›µ,Sailboat
ğŸš¤,Speedboat
ğŸ›³ï¸, Passenger Ship
â›´ï¸, Ferry
ğŸ›¥ï¸, Motor Boat
ğŸš¢,Ship
âœˆï¸, Airplane
ğŸ›©ï¸, Small Airplane
ğŸ›«,Airplane Departure
ğŸ›¬,Airplane Arrival
ğŸª‚,Parachute
ğŸ’º,Seat
ğŸš,Helicopter
ğŸšŸ,Suspension Railway
ğŸš ,Mountain Cableway
ğŸš¡,Aerial Tramway
ğŸ›°ï¸, Satellite
ğŸš€,Rocket
ğŸ›¸,Flying Saucer
ğŸª,Ringed Planet
ğŸŒ ,Shooting Star
ğŸŒŒ,Milky Way
â›±ï¸, Umbrella on Ground
ğŸ†,Fireworks
ğŸ‡,Sparkler
ğŸ‘,Moon Viewing Ceremony
ğŸ’´,Yen Banknote
ğŸ’µ,Dollar Banknote
ğŸ’¶,Euro Banknote
ğŸ’·,Pound Banknote
ğŸ—¿,Moai
ğŸ›‚,Passport Control
ğŸ›ƒ,Customs
ğŸ›„,Baggage Claim
ğŸ›…,Left Luggage
ğŸ’Œ,Love Letter
ğŸ•³ï¸, Hole
ğŸ’£,Bomb
ğŸ›€,Person Taking Bath
ğŸ›Œ,Person in Bed
ğŸ”ª,Kitchen Knife
ğŸº,Amphora
ğŸ—ºï¸, World Map
ğŸ§­,Compass
ğŸ§±,Brick
ğŸ’ˆ,Barber Pole
ğŸ¦½,Manual Wheelchair
ğŸ¦¼,Motorized Wheelchair
ğŸ›¢ï¸, Oil Drum
ğŸ›ï¸, Bellhop Bell
ğŸ§³,Luggage
âŒ›,Hourglass Done
â³,Hourglass Not Done
âŒš,Watch
â°,Alarm Clock
â±ï¸, Stopwatch
â²ï¸, Timer Clock
ğŸ•°ï¸, Mantelpiece Clock
ğŸŒ¡ï¸, Thermometer
â›±ï¸, Umbrella on Ground
ğŸ§¨,Firecracker
ğŸˆ,Balloon
ğŸ‰,Party Popper
ğŸŠ,Confetti Ball
ğŸ,Japanese Dolls
ğŸ,Carp Streamer
ğŸ,Wind Chime
ğŸ§§,Red Envelope
ğŸ€,Ribbon
ğŸ,Wrapped Gift
ğŸ¤¿,Diving Mask
ğŸª€,Yo-Yo
ğŸª,Kite
ğŸ”®,Crystal Ball
ğŸª„,Magic Wand
ğŸ§¿,Nazar Amulet
ğŸ•¹ï¸, Joystick
ğŸ§¸,Teddy Bear
ğŸª…,PiÃ±ata
ğŸª†,Nesting Dolls
ğŸ–¼ï¸, Framed Picture
ğŸ§µ,Thread
ğŸª¡,Sewing Needle
ğŸ§¶,Yarn
ğŸª¢,Knot
ğŸ›ï¸, Shopping Bags
ğŸ“¿,Prayer Beads
ğŸ’,Gem Stone
ğŸ“¯,Postal Horn
ğŸ™ï¸, Studio Microphone
ğŸšï¸, Level Slider
ğŸ›ï¸, Control Knobs
ğŸ“»,Radio
ğŸª•,Banjo
ğŸ“±,Mobile Phone
ğŸ“²,Mobile Phone with Arrow
â˜ï¸, Telephone
ğŸ“,Telephone Receiver
ğŸ“Ÿ,Pager
ğŸ“ ,Fax Machine
ğŸ”‹,Battery
ğŸ”Œ,Electric Plug
ğŸ’»,Laptop
ğŸ–¥ï¸, Desktop Computer
ğŸ–¨ï¸, Printer
âŒ¨ï¸, Keyboard
ğŸ–±ï¸, Computer Mouse
ğŸ–²ï¸, Trackball
ğŸ’½,Computer Disk
ğŸ’¾,Floppy Disk
ğŸ’¿,Optical Disk
ğŸ“€,DVD
ğŸ§®,Abacus
ğŸ¥,Movie Camera
ğŸï¸, Film Frames
ğŸ“½ï¸, Film Projector
ğŸ“º,Television
ğŸ“·,Camera
ğŸ“¸,Camera with Flash
ğŸ“¹,Video Camera
ğŸ“¼,Videocassette
ğŸ”,Magnifying Glass Tilted Left
ğŸ”,Magnifying Glass Tilted Right
ğŸ•¯ï¸, Candle
ğŸ’¡,Light Bulb
ğŸ”¦,Flashlight
ğŸ®,Red Paper Lantern
ğŸª”,Diya Lamp
ğŸ“”,Notebook with Decorative Cover
ğŸ“•,Closed Book
ğŸ“–,Open Book
ğŸ“—,Green Book
ğŸ“˜,Blue Book
ğŸ“™,Orange Book
ğŸ“š,Books
ğŸ““,Notebook
ğŸ“’,Ledger
ğŸ“ƒ,Page with Curl
ğŸ“œ,Scroll
ğŸ“„,Page Facing Up
ğŸ“°,Newspaper
ğŸ—ï¸, Rolled-Up Newspaper
ğŸ“‘,Bookmark Tabs
ğŸ”–,Bookmark
ğŸ·ï¸, Label
ğŸ’°,Money Bag
ğŸª™,Coin
ğŸ’´,Yen Banknote
ğŸ’µ,Dollar Banknote
ğŸ’¶,Euro Banknote
ğŸ’·,Pound Banknote
ğŸ’¸,Money with Wings
ğŸ’³,Credit Card
ğŸ§¾,Receipt
âœ‰ï¸, Envelope
ğŸ“§,E-Mail
ğŸ“¨,Incoming Envelope
ğŸ“©,Envelope with Arrow
ğŸ“¤,Outbox Tray
ğŸ“¥,Inbox Tray
ğŸ“¦,Package
ğŸ“«,Closed Mailbox with Raised Flag
ğŸ“ª,Closed Mailbox with Lowered Flag
ğŸ“¬,Open Mailbox with Raised Flag
ğŸ“­,Open Mailbox with Lowered Flag
ğŸ“®,Postbox
ğŸ—³ï¸, Ballot Box with Ballot
âœï¸, Pencil
âœ’ï¸, Black Nib
ğŸ–‹ï¸, Fountain Pen
ğŸ–Šï¸, Pen
ğŸ–Œï¸, Paintbrush
ğŸ–ï¸, Crayon
ğŸ“,Memo
ğŸ“,File Folder
ğŸ“‚,Open File Folder
ğŸ—‚ï¸, Card Index Dividers
ğŸ“…,Calendar
ğŸ“†,Tear-Off Calendar
ğŸ—’ï¸, Spiral Notepad
ğŸ—“ï¸, Spiral Calendar
ğŸ“‡,Card Index
ğŸ“ˆ,Chart Increasing
ğŸ“‰,Chart Decreasing
ğŸ“Š,Bar Chart
ğŸ“‹,Clipboard
ğŸ“Œ,Pushpin
ğŸ“,Round Pushpin
ğŸ“,Paperclip
ğŸ–‡ï¸, Linked Paperclips
ğŸ“,Straight Ruler
ğŸ“,Triangular Ruler
âœ‚ï¸, Scissors
ğŸ—ƒï¸, Card File Box
ğŸ—„ï¸, File Cabinet
ğŸ—‘ï¸, Wastebasket
ğŸ”’,Locked
ğŸ”“,Unlocked
ğŸ”,Locked with Pen
ğŸ”,Locked with Key
ğŸ”‘,Key
ğŸ—ï¸, Old Key
ğŸ”¨,Hammer
ğŸª“,Axe
â›ï¸, Pick
âš’ï¸, Hammer and Pick
ğŸ› ï¸, Hammer and Wrench
ğŸ—¡ï¸, Dagger
âš”ï¸, Crossed Swords
ğŸ”«,Pistol
ğŸªƒ,Boomerang
ğŸ›¡ï¸, Shield
ğŸªš,Carpentry Saw
ğŸ”§,Wrench
ğŸª›,Screwdriver
ğŸ”©,Nut and Bolt
âš™ï¸, Gear
ğŸ—œï¸, Clamp
âš–ï¸, Balance Scale
ğŸ¦¯,White Cane
ğŸ”—,Link
â›“ï¸, Chains
ğŸª,Hook
ğŸ§°,Toolbox
ğŸ§²,Magnet
ğŸªœ,Ladder
âš—ï¸, Alembic
ğŸ§ª,Test Tube
ğŸ§«,Petri Dish
ğŸ§¬,DNA
ğŸ”¬,Microscope
ğŸ”­,Telescope
ğŸ“¡,Satellite Antenna
ğŸ’‰,Syringe
ğŸ©¸,Drop of Blood
ğŸ’Š,Pill
ğŸ©¹,Adhesive Bandage
ğŸ©º,Stethoscope
ğŸšª,Door
ğŸª,Mirror
ğŸªŸ,Window
ğŸ›ï¸, Bed
ğŸ›‹ï¸, Couch and Lamp
ğŸª‘,Chair
ğŸš½,Toilet
ğŸª ,Plunger
ğŸš¿,Shower
ğŸ›,Bathtub
ğŸª¤,Mouse Trap
ğŸª’,Razor
ğŸ§´,Lotion Bottle
ğŸ§·,Safety Pin
ğŸ§¹,Broom
ğŸ§º,Basket
ğŸ§»,Roll of Paper
ğŸª£,Bucket
ğŸ§¼,Soap
ğŸª¥,Toothbrush
ğŸ§½,Sponge
ğŸ§¯,Fire Extinguisher
ğŸ›’,Shopping Cart
ğŸš¬,Cigarette
âš°ï¸, Coffin
ğŸª¦,Headstone
âš±ï¸, Funeral Urn
ğŸ—¿,Moai
ğŸª§,Placard
ğŸš°,Potable Water
ğŸ’˜,Heart with Arrow
ğŸ’,Heart with Ribbon
ğŸ’–,Sparkling Heart
ğŸ’—,Growing Heart
ğŸ’“,Beating Heart
ğŸ’,Revolving Hearts
ğŸ’•,Two Hearts
ğŸ’Ÿ,Heart Decoration
â£ï¸, Heart Exclamation
ğŸ’”,Broken Heart
â¤ï¸, Red Heart
ğŸ§¡,Orange Heart
ğŸ’›,Yellow Heart
ğŸ’š,Green Heart
ğŸ’™,Blue Heart
ğŸ’œ,Purple Heart
ğŸ¤,Brown Heart
ğŸ–¤,Black Heart
ğŸ¤,White Heart
ğŸ’¯,Hundred Points
ğŸ’¢,Anger Symbol
ğŸ’¬,Speech Balloon
ğŸ‘ï¸â€ğŸ—¨ï¸,â€ğŸ—¨ï¸ Eye in Speech Bubble
ğŸ—¨ï¸, Left Speech Bubble
ğŸ—¯ï¸, Right Anger Bubble
ğŸ’­,Thought Balloon
ğŸ’¤,Zzz
ğŸ’®,White Flower
â™¨ï¸, Hot Springs
ğŸ’ˆ,Barber Pole
ğŸ›‘,Stop Sign
ğŸ•›,Twelve Oâ€™Clock
ğŸ•§,Twelve-Thirty
ğŸ•,One Oâ€™Clock
ğŸ•œ,One-Thirty
ğŸ•‘,Two Oâ€™Clock
ğŸ•,Two-Thirty
ğŸ•’,Three Oâ€™Clock
ğŸ•,Three-Thirty
ğŸ•“,Four Oâ€™Clock
ğŸ•Ÿ,Four-Thirty
ğŸ•”,Five Oâ€™Clock
ğŸ• ,Five-Thirty
ğŸ••,Six Oâ€™Clock
ğŸ•¡,Six-Thirty
ğŸ•–,Seven Oâ€™Clock
ğŸ•¢,Seven-Thirty
ğŸ•—,Eight Oâ€™Clock
ğŸ•£,Eight-Thirty
ğŸ•˜,Nine Oâ€™Clock
ğŸ•¤,Nine-Thirty
ğŸ•™,Ten Oâ€™Clock
ğŸ•¥,Ten-Thirty
ğŸ•š,Eleven Oâ€™Clock
ğŸ•¦,Eleven-Thirty
ğŸŒ€,Cyclone
â™ ï¸, Spade Suit
â™¥ï¸, Heart Suit
â™¦ï¸, Diamond Suit
â™£ï¸, Club Suit
ğŸƒ,Joker
ğŸ€„,Mahjong Red Dragon
ğŸ´,Flower Playing Cards
ğŸ”‡,Muted Speaker
ğŸ”ˆ,Speaker Low Volume
ğŸ”‰,Speaker Medium Volume
ğŸ”Š,Speaker High Volume
ğŸ“¢,Loudspeaker
ğŸ“£,Megaphone
ğŸ“¯,Postal Horn
ğŸ””,Bell
ğŸ”•,Bell with Slash
ğŸµ,Musical Note
ğŸ¶,Musical Notes
ğŸ’¹,Chart Increasing with Yen
ğŸ›—,Elevator
ğŸ§,ATM Sign
ğŸš®,Litter in Bin Sign
ğŸš°,Potable Water
â™¿,Wheelchair Symbol
ğŸš¹,Menâ€™s Room
ğŸšº,Womenâ€™s Room
ğŸš»,Restroom
ğŸš¼,Baby Symbol
ğŸš¾,Water Closet
âš ï¸, Warning
ğŸš¸,Children Crossing
â›”,No Entry
ğŸš«,Prohibited
ğŸš³,No Bicycles
ğŸš­,No Smoking
ğŸš¯,No Littering
ğŸš±,Non-Potable Water
ğŸš·,No Pedestrians
ğŸ“µ,No Mobile Phones
ğŸ”,No One Under Eighteen
â˜¢ï¸, Radioactive
â˜£ï¸, Biohazard
â¬†ï¸, Up Arrow
â†—ï¸, Up-Right Arrow
â¡ï¸, Right Arrow
â†˜ï¸, Down-Right Arrow
â¬‡ï¸, Down Arrow
â†™ï¸, Down-Left Arrow
â¬…ï¸, Left Arrow
â†–ï¸, Up-Left Arrow
â†•ï¸, Up-Down Arrow
â†”ï¸, Left-Right Arrow
â†©ï¸, Right Arrow Curving Left
â†ªï¸, Left Arrow Curving Right
â¤´ï¸, Right Arrow Curving Up
â¤µï¸, Right Arrow Curving Down
ğŸ”ƒ,Clockwise Vertical Arrows
ğŸ”„,Counterclockwise Arrows Button
ğŸ”™,Back Arrow
ğŸ”š,End Arrow
ğŸ”›,On! Arrow
ğŸ”œ,Soon Arrow
ğŸ”,Top Arrow
ğŸ›,Place of Worship
âš›ï¸, Atom Symbol
ğŸ•‰ï¸, Om
âœ¡ï¸, Star of David
â˜¸ï¸, Wheel of Dharma
â˜¯ï¸, Yin Yang
âœï¸, Latin Cross
â˜¦ï¸, Orthodox Cross
â˜ªï¸, Star and Crescent
â˜®ï¸, Peace Symbol
ğŸ•,Menorah
ğŸ”¯,Dotted Six-Pointed Star
â™ˆ,Aries
â™‰,Taurus
â™Š,Gemini
â™‹,Cancer
â™Œ,Leo
â™,Virgo
â™,Libra
â™,Scorpio
â™,Sagittarius
â™‘,Capricorn
â™’,Aquarius
â™“,Pisces
â›,Ophiuchus
ğŸ”€,Shuffle Tracks Button
ğŸ”,Repeat Button
ğŸ”‚,Repeat Single Button
â–¶ï¸, Play Button
â©,Fast-Forward Button
â­ï¸, Next Track Button
â¯ï¸, Play or Pause Button
â—€ï¸, Reverse Button
âª,Fast Reverse Button
â®ï¸, Last Track Button
ğŸ”¼,Upwards Button
â«,Fast Up Button
ğŸ”½,Downwards Button
â¬,Fast Down Button
â¸ï¸, Pause Button
â¹ï¸, Stop Button
âºï¸, Record Button
âï¸, Eject Button
ğŸ¦,Cinema
ğŸ”…,Dim Button
ğŸ”†,Bright Button
ğŸ“¶,Antenna Bars
ğŸ“³,Vibration Mode
ğŸ“´,Mobile Phone Off
â™€ï¸, Female Sign
â™‚ï¸, Male Sign
âœ–ï¸, Multiply
â•,Plus
â–,Minus
â—,Divide
â™¾ï¸, Infinity
â€¼ï¸, Double Exclamation Mark
â‰ï¸, Exclamation Question Mark
â“,Question Mark
â”,White Question Mark
â•,White Exclamation Mark
â—,Exclamation Mark
ã€°ï¸, Wavy Dash
ğŸ’±,Currency Exchange
ğŸ’²,Heavy Dollar Sign
âš•ï¸, Medical Symbol
â™»ï¸, Recycling Symbol
âšœï¸, Fleur-de-lis
ğŸ”±,Trident Emblem
ğŸ“›,Name Badge
ğŸ”°,Japanese Symbol for Beginner
â­•,Hollow Red Circle
âœ…,Check Mark Button
â˜‘ï¸, Check Box with Check
âœ”ï¸, Check Mark
âŒ,Cross Mark
â,Cross Mark Button
â°,Curly Loop
â¿,Double Curly Loop
ã€½ï¸, Part Alternation Mark
âœ³ï¸, Eight-Spoked Asterisk
âœ´ï¸, Eight-Pointed Star
â‡ï¸, Sparkle
Â©ï¸, Copyright
Â®ï¸, Registered
â„¢ï¸, Trade Mark
#ï¸âƒ£,âƒ£ Keycap Number Sign
*ï¸âƒ£,âƒ£ Keycap Asterisk
0ï¸âƒ£,âƒ£ Keycap Digit Zero
1ï¸âƒ£,âƒ£ Keycap Digit One
2ï¸âƒ£,âƒ£ Keycap Digit Two
3ï¸âƒ£,âƒ£ Keycap Digit Three
4ï¸âƒ£,âƒ£ Keycap Digit Four
5ï¸âƒ£,âƒ£ Keycap Digit Five
6ï¸âƒ£,âƒ£ Keycap Digit Six
7ï¸âƒ£,âƒ£ Keycap Digit Seven
8ï¸âƒ£,âƒ£ Keycap Digit Eight
9ï¸âƒ£,âƒ£ Keycap Digit Nine
ğŸ”Ÿ,Keycap: 10
ğŸ” ,Input Latin Uppercase
ğŸ”¡,Input Latin Lowercase
ğŸ”¢,Input Numbers
ğŸ”£,Input Symbols
ğŸ”¤,Input Latin Letters
ğŸ…°ï¸, A Button (Blood Type)
ğŸ†,AB Button (Blood Type)
ğŸ…±ï¸, B Button (Blood Type)
ğŸ†‘,CL Button
ğŸ†’,Cool Button
ğŸ†“,Free Button
â„¹ï¸, Information
ğŸ†”,ID Button
â“‚ï¸, Circled M
ğŸ†•,New Button
ğŸ†–,NG Button
ğŸ…¾ï¸, O Button (Blood Type)
ğŸ†—,OK Button
ğŸ…¿ï¸, P Button
ğŸ†˜,SOS Button
ğŸ†™,Up! Button
ğŸ†š,Vs Button
ğŸ”´,Red Circle
ğŸŸ ,Orange Circle
ğŸŸ¡,Yellow Circle
ğŸŸ¢,Green Circle
ğŸ”µ,Blue Circle
ğŸŸ£,Purple Circle
ğŸŸ¤,Brown Circle
âš«,Black Circle
âšª,White Circle
ğŸŸ¥,Red Square
ğŸŸ§,Orange Square
ğŸŸ¨,Yellow Square
ğŸŸ©,Green Square
ğŸŸ¦,Blue Square
ğŸŸª,Purple Square
ğŸŸ«,Brown Square
â¬›,Black Large Square
â¬œ,White Large Square
â—¼ï¸, Black Medium Square
â—»ï¸, White Medium Square
â—¾,Black Medium-Small Square
â—½,White Medium-Small Square
â–ªï¸, Black Small Square
â–«ï¸, White Small Square
ğŸ”¶,Large Orange Diamond
ğŸ”·,Large Blue Diamond
ğŸ”¸,Small Orange Diamond
ğŸ”¹,Small Blue Diamond
ğŸ”º,Red Triangle Pointed Up
ğŸ”»,Red Triangle Pointed Down
ğŸ’ ,Diamond with a Dot
ğŸ”˜,Radio Button
ğŸ”³,White Square Button
ğŸ”²,Black Square Button
â¤ï¸â€ğŸ”¥,â€ğŸ”¥ Heart on Fire
â¤ï¸â€ğŸ©¹,â€ğŸ©¹ Mending Heart
ğŸ,Chequered Flag
ğŸš©,Triangular Flag
ğŸŒ,Crossed Flags
ğŸ´,Black Flag
ğŸ³ï¸, White Flag
ğŸ³ï¸â€ğŸŒˆ,â€ğŸŒˆ Rainbow Flag
ğŸ³ï¸â€âš§ï¸,â€âš§ï¸ Transgender Flag
ğŸ´â€â˜ ï¸,â˜ ï¸ Pirate Flag
#ï¸âƒ£,hash
*ï¸âƒ£,keycap star
0ï¸âƒ£,zero
1ï¸âƒ£,one
2ï¸âƒ£,two
3ï¸âƒ£,three
4ï¸âƒ£,four
5ï¸âƒ£,five
6ï¸âƒ£,six
7ï¸âƒ£,seven
8ï¸âƒ£,eight
9ï¸âƒ£,nine
Â©ï¸,copyright
Â®ï¸,registered
ğŸ€„,mahjong
ğŸƒ,black joker
ğŸ…°ï¸,a
ğŸ…±ï¸,b
ğŸ…¾ï¸,o2
ğŸ…¿ï¸,parking
ğŸ†,ab
ğŸ†‘,cl
ğŸ†’,cool
ğŸ†“,free
ğŸ†”,id
ğŸ†•,new
ğŸ†–,ng
ğŸ†—,ok
ğŸ†˜,sos
ğŸ†™,up
ğŸ†š,vs
ğŸŒ€,cyclone
ğŸŒ,foggy
ğŸŒ‚,closed umbrella
ğŸŒƒ,night with stars
ğŸŒ„,sunrise over mountains
ğŸŒ…,sunrise
ğŸŒ†,city sunset
ğŸŒ‡,city sunrise
ğŸŒˆ,rainbow
ğŸŒ‰,bridge at night
ğŸŒŠ,ocean
ğŸŒ‹,volcano
ğŸŒŒ,milky way
ğŸŒ,earth africa
ğŸŒ,earth americas
ğŸŒ,earth asia
ğŸŒ,globe with meridians
ğŸŒ‘,new moon
ğŸŒ’,waxing crescent moon
ğŸŒ“,first quarter moon
ğŸŒ”,moon
ğŸŒ•,full moon
ğŸŒ–,waning gibbous moon
ğŸŒ—,last quarter moon
ğŸŒ˜,waning crescent moon
ğŸŒ™,crescent moon
ğŸŒš,new moon with face
ğŸŒ›,first quarter moon with face
ğŸŒœ,last quarter moon with face
ğŸŒ,full moon with face
ğŸŒ,sun with face
ğŸŒŸ,star2
ğŸŒ ,stars
ğŸŒ¡ï¸,thermometer
ğŸŒ¤ï¸,mostly sunny
ğŸŒ¥ï¸,barely sunny
ğŸŒ¦ï¸,partly sunny rain
ğŸŒ§ï¸,rain cloud
ğŸŒ¨ï¸,snow cloud
ğŸŒ©ï¸,lightning
ğŸŒªï¸,tornado
ğŸŒ«ï¸,fog
ğŸŒ¬ï¸,wind blowing face
ğŸŒ­,hotdog
ğŸŒ®,taco
ğŸŒ¯,burrito
ğŸŒ°,chestnut
ğŸŒ±,seedling
ğŸŒ²,evergreen tree
ğŸŒ³,deciduous tree
ğŸŒ´,palm tree
ğŸŒµ,cactus
ğŸŒ¶ï¸,hot pepper
ğŸŒ·,tulip
ğŸŒ¸,cherry blossom
ğŸŒ¹,rose
ğŸŒº,hibiscus
ğŸŒ»,sunflower
ğŸŒ¼,blossom
ğŸŒ½,corn
ğŸŒ¾,ear of rice
ğŸŒ¿,herb
ğŸ€,four leaf clover
ğŸ,maple leaf
ğŸ‚,fallen leaf
ğŸƒ,leaves
ğŸ„,mushroom
ğŸ…,tomato
ğŸ†,eggplant
ğŸ‡,grapes
ğŸˆ,melon
ğŸ‰,watermelon
ğŸŠ,tangerine
ğŸ‹,lemon
ğŸŒ,banana
ğŸ,pineapple
ğŸ,apple
ğŸ,green apple
ğŸ,pear
ğŸ‘,peach
ğŸ’,cherries
ğŸ“,strawberry
ğŸ”,hamburger
ğŸ•,pizza
ğŸ–,meat on bone
ğŸ—,poultry leg
ğŸ˜,rice cracker
ğŸ™,rice ball
ğŸš,rice
ğŸ›,curry
ğŸœ,ramen
ğŸ,spaghetti
ğŸ,bread
ğŸŸ,fries
ğŸ ,sweet potato
ğŸ¡,dango
ğŸ¢,oden
ğŸ£,sushi
ğŸ¤,fried shrimp
ğŸ¥,fish cake
ğŸ¦,icecream
ğŸ§,shaved ice
ğŸ¨,ice cream
ğŸ©,doughnut
ğŸª,cookie
ğŸ«,chocolate bar
ğŸ¬,candy
ğŸ­,lollipop
ğŸ®,custard
ğŸ¯,honey pot
ğŸ°,cake
ğŸ±,bento
ğŸ²,stew
ğŸ³,fried egg
ğŸ´,fork and knife
ğŸµ,tea
ğŸ¶,sake
ğŸ·,wine glass
ğŸ¸,cocktail
ğŸ¹,tropical drink
ğŸº,beer
ğŸ»,beers
ğŸ¼,baby bottle
ğŸ½ï¸,knife fork plate
ğŸ¾,champagne
ğŸ¿,popcorn
ğŸ€,ribbon
ğŸ,gift
ğŸ‚,birthday
ğŸƒ,jack o lantern
ğŸ„,christmas tree
ğŸ…,santa
ğŸ†,fireworks
ğŸ‡,sparkler
ğŸˆ,balloon
ğŸ‰,tada
ğŸŠ,confetti ball
ğŸ‹,tanabata tree
ğŸŒ,crossed flags
ğŸ,bamboo
ğŸ,dolls
ğŸ,flags
ğŸ,wind chime
ğŸ‘,rice scene
ğŸ’,school satchel
ğŸ“,mortar board
ğŸ–ï¸,medal
ğŸ—ï¸,reminder ribbon
ğŸ™ï¸,studio microphone
ğŸšï¸,level slider
ğŸ›ï¸,control knobs
ğŸï¸,film frames
ğŸŸï¸,admission tickets
ğŸ ,carousel horse
ğŸ¡,ferris wheel
ğŸ¢,roller coaster
ğŸ£,fishing pole and fish
ğŸ¤,microphone
ğŸ¥,movie camera
ğŸ¦,cinema
ğŸ§,headphones
ğŸ¨,art
ğŸ©,tophat
ğŸª,circus tent
ğŸ«,ticket
ğŸ¬,clapper
ğŸ­,performing arts
ğŸ®,video game
ğŸ¯,dart
ğŸ°,slot machine
ğŸ±,8ball
ğŸ²,game die
ğŸ³,bowling
ğŸ´,flower playing cards
ğŸµ,musical note
ğŸ¶,notes
ğŸ·,saxophone
ğŸ¸,guitar
ğŸ¹,musical keyboard
ğŸº,trumpet
ğŸ»,violin
ğŸ¼,musical score
ğŸ½,running shirt with sash
ğŸ¾,tennis
ğŸ¿,ski
ğŸ€,basketball
ğŸ,checkered flag
ğŸ‚,snowboarder
ğŸƒâ€â™€ï¸,woman running
ğŸƒâ€â™‚ï¸,man running
ğŸƒ,runner
ğŸ„â€â™€ï¸,woman surfing
ğŸ„â€â™‚ï¸,man surfing
ğŸ„,surfer
ğŸ…,sports medal
ğŸ†,trophy
ğŸ‡,horse racing
ğŸˆ,football
ğŸ‰,rugby football
ğŸŠâ€â™€ï¸,woman swimming
ğŸŠâ€â™‚ï¸,man swimming
ğŸŠ,swimmer
ğŸ‹ï¸â€â™€ï¸,woman lifting weights
ğŸ‹ï¸â€â™‚ï¸,man lifting weights
ğŸ‹ï¸,weight lifter
ğŸŒï¸â€â™€ï¸,woman golfing
ğŸŒï¸â€â™‚ï¸,man golfing
ğŸŒï¸,golfer
ğŸï¸,racing motorcycle
ğŸï¸,racing car
ğŸ,cricket bat and ball
ğŸ,volleyball
ğŸ‘,field hockey stick and ball
ğŸ’,ice hockey stick and puck
ğŸ“,table tennis paddle and ball
ğŸ”ï¸,snow capped mountain
ğŸ•ï¸,camping
ğŸ–ï¸,beach with umbrella
ğŸ—ï¸,building construction
ğŸ˜ï¸,house buildings
ğŸ™ï¸,cityscape
ğŸšï¸,derelict house building
ğŸ›ï¸,classical building
ğŸœï¸,desert
ğŸï¸,desert island
ğŸï¸,national park
ğŸŸï¸,stadium
ğŸ ,house
ğŸ¡,house with garden
ğŸ¢,office
ğŸ£,post office
ğŸ¤,european post office
ğŸ¥,hospital
ğŸ¦,bank
ğŸ§,atm
ğŸ¨,hotel
ğŸ©,love hotel
ğŸª,convenience store
ğŸ«,school
ğŸ¬,department store
ğŸ­,factory
ğŸ®,izakaya lantern
ğŸ¯,japanese castle
ğŸ°,european castle
ğŸ³ï¸â€ğŸŒˆ,rainbow flag
ğŸ³ï¸â€âš§ï¸,transgender flag
ğŸ³ï¸,waving white flag
ğŸ´â€â˜ ï¸,pirate flag
ğŸ´ó §ó ¢ó ¥ó ®ó §ó ¿,flag england
ğŸ´ó §ó ¢ó ³ó £ó ´ó ¿,flag scotland
ğŸ´ó §ó ¢ó ·ó ¬ó ³ó ¿,flag wales
ğŸ´,waving black flag
ğŸµï¸,rosette
ğŸ·ï¸,label
ğŸ¸,badminton racquet and shuttlecock
ğŸ¹,bow and arrow
ğŸº,amphora
ğŸ»,skin tone 2
ğŸ¼,skin tone 3
ğŸ½,skin tone 4
ğŸ¾,skin tone 5
ğŸ¿,skin tone 6
ğŸ€,rat
ğŸ,mouse2
ğŸ‚,ox
ğŸƒ,water buffalo
ğŸ„,cow2
ğŸ…,tiger2
ğŸ†,leopard
ğŸ‡,rabbit2
ğŸˆâ€â¬›,black cat
ğŸˆ,cat2
ğŸ‰,dragon
ğŸŠ,crocodile
ğŸ‹,whale2
ğŸŒ,snail
ğŸ,snake
ğŸ,racehorse
ğŸ,ram
ğŸ,goat
ğŸ‘,sheep
ğŸ’,monkey
ğŸ“,rooster
ğŸ”,chicken
ğŸ•â€ğŸ¦º,service dog
ğŸ•,dog2
ğŸ–,pig2
ğŸ—,boar
ğŸ˜,elephant
ğŸ™,octopus
ğŸš,shell
ğŸ›,bug
ğŸœ,ant
ğŸ,bee
ğŸ,ladybug
ğŸŸ,fish
ğŸ ,tropical fish
ğŸ¡,blowfish
ğŸ¢,turtle
ğŸ£,hatching chick
ğŸ¤,baby chick
ğŸ¥,hatched chick
ğŸ¦â€â¬›,black bird
ğŸ¦,bird
ğŸ§,penguin
ğŸ¨,koala
ğŸ©,poodle
ğŸª,dromedary camel
ğŸ«,camel
ğŸ¬,dolphin
ğŸ­,mouse
ğŸ®,cow
ğŸ¯,tiger
ğŸ°,rabbit
ğŸ±,cat
ğŸ²,dragon face
ğŸ³,whale
ğŸ´,horse
ğŸµ,monkey face
ğŸ¶,dog
ğŸ·,pig
ğŸ¸,frog
ğŸ¹,hamster
ğŸº,wolf
ğŸ»â€â„ï¸,polar bear
ğŸ»,bear
ğŸ¼,panda face
ğŸ½,pig nose
ğŸ¾,feet
ğŸ¿ï¸,chipmunk
ğŸ‘€,eyes
ğŸ‘ï¸â€ğŸ—¨ï¸,eye in speech bubble
ğŸ‘ï¸,eye
ğŸ‘‚,ear
ğŸ‘ƒ,nose
ğŸ‘„,lips
ğŸ‘…,tongue
ğŸ‘†,point up 2
ğŸ‘‡,point down
ğŸ‘ˆ,point left
ğŸ‘‰,point right
ğŸ‘Š,facepunch
ğŸ‘‹,wave
ğŸ‘Œ,ok hand
ğŸ‘,+1
ğŸ‘, 1
ğŸ‘,clap
ğŸ‘,open hands
ğŸ‘‘,crown
ğŸ‘’,womans hat
ğŸ‘“,eyeglasses
ğŸ‘”,necktie
ğŸ‘•,shirt
ğŸ‘–,jeans
ğŸ‘—,dress
ğŸ‘˜,kimono
ğŸ‘™,bikini
ğŸ‘š,womans clothes
ğŸ‘›,purse
ğŸ‘œ,handbag
ğŸ‘,pouch
ğŸ‘,mans shoe
ğŸ‘Ÿ,athletic shoe
ğŸ‘ ,high heel
ğŸ‘¡,sandal
ğŸ‘¢,boot
ğŸ‘£,footprints
ğŸ‘¤,bust in silhouette
ğŸ‘¥,busts in silhouette
ğŸ‘¦,boy
ğŸ‘§,girl
ğŸ‘¨â€ğŸŒ¾,male farmer
ğŸ‘¨â€ğŸ³,male cook
ğŸ‘¨â€ğŸ¼,man feeding baby
ğŸ‘¨â€ğŸ“,male student
ğŸ‘¨â€ğŸ¤,male singer
ğŸ‘¨â€ğŸ¨,male artist
ğŸ‘¨â€ğŸ«,male teacher
ğŸ‘¨â€ğŸ­,male factory worker
ğŸ‘¨â€ğŸ‘¦â€ğŸ‘¦,man boy boy
ğŸ‘¨â€ğŸ‘¦,man boy
ğŸ‘¨â€ğŸ‘§â€ğŸ‘¦,man girl boy
ğŸ‘¨â€ğŸ‘§â€ğŸ‘§,man girl girl
ğŸ‘¨â€ğŸ‘§,man girl
ğŸ‘¨â€ğŸ‘¨â€ğŸ‘¦,man man boy
ğŸ‘¨â€ğŸ‘¨â€ğŸ‘¦â€ğŸ‘¦,man man boy boy
ğŸ‘¨â€ğŸ‘¨â€ğŸ‘§,man man girl
ğŸ‘¨â€ğŸ‘¨â€ğŸ‘§â€ğŸ‘¦,man man girl boy
ğŸ‘¨â€ğŸ‘¨â€ğŸ‘§â€ğŸ‘§,man man girl girl
ğŸ‘¨â€ğŸ‘©â€ğŸ‘¦,man woman boy
ğŸ‘¨â€ğŸ‘©â€ğŸ‘¦â€ğŸ‘¦,man woman boy boy
ğŸ‘¨â€ğŸ‘©â€ğŸ‘§,man woman girl
ğŸ‘¨â€ğŸ‘©â€ğŸ‘§â€ğŸ‘¦,man woman girl boy
ğŸ‘¨â€ğŸ‘©â€ğŸ‘§â€ğŸ‘§,man woman girl girl
ğŸ‘¨â€ğŸ’»,male technologist
ğŸ‘¨â€ğŸ’¼,male office worker
ğŸ‘¨â€ğŸ”§,male mechanic
ğŸ‘¨â€ğŸ”¬,male scientist
ğŸ‘¨â€ğŸš€,male astronaut
ğŸ‘¨â€ğŸš’,male firefighter
ğŸ‘¨â€ğŸ¦¯,man with probing cane
ğŸ‘¨â€ğŸ¦°,red haired man
ğŸ‘¨â€ğŸ¦±,curly haired man
ğŸ‘¨â€ğŸ¦²,bald man
ğŸ‘¨â€ğŸ¦³,white haired man
ğŸ‘¨â€ğŸ¦¼,man in motorized wheelchair
ğŸ‘¨â€ğŸ¦½,man in manual wheelchair
ğŸ‘¨â€âš•ï¸,male doctor
ğŸ‘¨â€âš–ï¸,male judge
ğŸ‘¨â€âœˆï¸,male pilot
ğŸ‘¨â€â¤ï¸â€ğŸ‘¨,man heart man
ğŸ‘¨â€â¤ï¸â€ğŸ’‹â€ğŸ‘¨,man kiss man
ğŸ‘¨,man
ğŸ‘©â€ğŸŒ¾,female farmer
ğŸ‘©â€ğŸ³,female cook
ğŸ‘©â€ğŸ¼,woman feeding baby
ğŸ‘©â€ğŸ“,female student
ğŸ‘©â€ğŸ¤,female singer
ğŸ‘©â€ğŸ¨,female artist
ğŸ‘©â€ğŸ«,female teacher
ğŸ‘©â€ğŸ­,female factory worker
ğŸ‘©â€ğŸ‘¦â€ğŸ‘¦,woman boy boy
ğŸ‘©â€ğŸ‘¦,woman boy
ğŸ‘©â€ğŸ‘§â€ğŸ‘¦,woman girl boy
ğŸ‘©â€ğŸ‘§â€ğŸ‘§,woman girl girl
ğŸ‘©â€ğŸ‘§,woman girl
ğŸ‘©â€ğŸ‘©â€ğŸ‘¦,woman woman boy
ğŸ‘©â€ğŸ‘©â€ğŸ‘¦â€ğŸ‘¦,woman woman boy boy
ğŸ‘©â€ğŸ‘©â€ğŸ‘§,woman woman girl
ğŸ‘©â€ğŸ‘©â€ğŸ‘§â€ğŸ‘¦,woman woman girl boy
ğŸ‘©â€ğŸ‘©â€ğŸ‘§â€ğŸ‘§,woman woman girl girl
ğŸ‘©â€ğŸ’»,female technologist
ğŸ‘©â€ğŸ’¼,female office worker
ğŸ‘©â€ğŸ”§,female mechanic
ğŸ‘©â€ğŸ”¬,female scientist
ğŸ‘©â€ğŸš€,female astronaut
ğŸ‘©â€ğŸš’,female firefighter
ğŸ‘©â€ğŸ¦¯,woman with probing cane
ğŸ‘©â€ğŸ¦°,red haired woman
ğŸ‘©â€ğŸ¦±,curly haired woman
ğŸ‘©â€ğŸ¦²,bald woman
ğŸ‘©â€ğŸ¦³,white haired woman
ğŸ‘©â€ğŸ¦¼,woman in motorized wheelchair
ğŸ‘©â€ğŸ¦½,woman in manual wheelchair
ğŸ‘©â€âš•ï¸,female doctor
ğŸ‘©â€âš–ï¸,female judge
ğŸ‘©â€âœˆï¸,female pilot
ğŸ‘©â€â¤ï¸â€ğŸ‘¨,woman heart man
ğŸ‘©â€â¤ï¸â€ğŸ‘©,woman heart woman
ğŸ‘©â€â¤ï¸â€ğŸ’‹â€ğŸ‘¨,woman kiss man
ğŸ‘©â€â¤ï¸â€ğŸ’‹â€ğŸ‘©,woman kiss woman
ğŸ‘©,woman
ğŸ‘ª,family
ğŸ‘«,man and woman holding hands
ğŸ‘¬,two men holding hands
ğŸ‘­,two women holding hands
ğŸ‘®â€â™€ï¸,female police officer
ğŸ‘®â€â™‚ï¸,male police officer
ğŸ‘®,cop
ğŸ‘¯â€â™€ï¸,women with bunny ears partying
ğŸ‘¯â€â™‚ï¸,men with bunny ears partying
ğŸ‘¯,dancers
ğŸ‘°â€â™€ï¸,woman with veil
ğŸ‘°â€â™‚ï¸,man with veil
ğŸ‘°,bride with veil
ğŸ‘±â€â™€ï¸,blond haired woman
ğŸ‘±â€â™‚ï¸,blond haired man
ğŸ‘±,person with blond hair
ğŸ‘²,man with gua pi mao
ğŸ‘³â€â™€ï¸,woman wearing turban
ğŸ‘³â€â™‚ï¸,man wearing turban
ğŸ‘³,man with turban
ğŸ‘´,older man
ğŸ‘µ,older woman
ğŸ‘¶,baby
ğŸ‘·â€â™€ï¸,female construction worker
ğŸ‘·â€â™‚ï¸,male construction worker
ğŸ‘·,construction worker
ğŸ‘¸,princess
ğŸ‘¹,japanese ogre
ğŸ‘º,japanese goblin
ğŸ‘»,ghost
ğŸ‘¼,angel
ğŸ‘½,alien
ğŸ‘¾,space invader
ğŸ‘¿,imp
ğŸ’€,skull
ğŸ’â€â™€ï¸,woman tipping hand
ğŸ’â€â™‚ï¸,man tipping hand
ğŸ’,information desk person
ğŸ’‚â€â™€ï¸,female guard
ğŸ’‚â€â™‚ï¸,male guard
ğŸ’‚,guardsman
ğŸ’ƒ,dancer
ğŸ’„,lipstick
ğŸ’…,nail care
ğŸ’†â€â™€ï¸,woman getting massage
ğŸ’†â€â™‚ï¸,man getting massage
ğŸ’†,massage
ğŸ’‡â€â™€ï¸,woman getting haircut
ğŸ’‡â€â™‚ï¸,man getting haircut
ğŸ’‡,haircut
ğŸ’ˆ,barber
ğŸ’‰,syringe
ğŸ’Š,pill
ğŸ’‹,kiss
ğŸ’Œ,love letter
ğŸ’,ring
ğŸ’,gem
ğŸ’,couplekiss
ğŸ’,bouquet
ğŸ’‘,couple with heart
ğŸ’’,wedding
ğŸ’“,heartbeat
ğŸ’”,broken heart
ğŸ’•,two hearts
ğŸ’–,sparkling heart
ğŸ’—,heartpulse
ğŸ’˜,cupid
ğŸ’™,blue heart
ğŸ’š,green heart
ğŸ’›,yellow heart
ğŸ’œ,purple heart
ğŸ’,gift heart
ğŸ’,revolving hearts
ğŸ’Ÿ,heart decoration
ğŸ’ ,diamond shape with a dot inside
ğŸ’¡,bulb
ğŸ’¢,anger
ğŸ’£,bomb
ğŸ’¤,zzz
ğŸ’¥,boom
ğŸ’¦,sweat drops
ğŸ’§,droplet
ğŸ’¨,dash
ğŸ’©,hankey
ğŸ’ª,muscle
ğŸ’«,dizzy
ğŸ’¬,speech balloon
ğŸ’­,thought balloon
ğŸ’®,white flower
ğŸ’¯,100
ğŸ’°,moneybag
ğŸ’±,currency exchange
ğŸ’²,heavy dollar sign
ğŸ’³,credit card
ğŸ’´,yen
ğŸ’µ,dollar
ğŸ’¶,euro
ğŸ’·,pound
ğŸ’¸,money with wings
ğŸ’¹,chart
ğŸ’º,seat
ğŸ’»,computer
ğŸ’¼,briefcase
ğŸ’½,minidisc
ğŸ’¾,floppy disk
ğŸ’¿,cd
ğŸ“€,dvd
ğŸ“,file folder
ğŸ“‚,open file folder
ğŸ“ƒ,page with curl
ğŸ“„,page facing up
ğŸ“…,date
ğŸ“†,calendar
ğŸ“‡,card index
ğŸ“ˆ,chart with upwards trend
ğŸ“‰,chart with downwards trend
ğŸ“Š,bar chart
ğŸ“‹,clipboard
ğŸ“Œ,pushpin
ğŸ“,round pushpin
ğŸ“,paperclip
ğŸ“,straight ruler
ğŸ“,triangular ruler
ğŸ“‘,bookmark tabs
ğŸ“’,ledger
ğŸ““,notebook
ğŸ“”,notebook with decorative cover
ğŸ“•,closed book
ğŸ“–,book
ğŸ“—,green book
ğŸ“˜,blue book
ğŸ“™,orange book
ğŸ“š,books
ğŸ“›,name badge
ğŸ“œ,scroll
ğŸ“,memo
ğŸ“,telephone receiver
ğŸ“Ÿ,pager
ğŸ“ ,fax
ğŸ“¡,satellite antenna
ğŸ“¢,loudspeaker
ğŸ“£,mega
ğŸ“¤,outbox tray
ğŸ“¥,inbox tray
ğŸ“¦,package
ğŸ“§,e mail
ğŸ“¨,incoming envelope
ğŸ“©,envelope with arrow
ğŸ“ª,mailbox closed
ğŸ“«,mailbox
ğŸ“¬,mailbox with mail
ğŸ“­,mailbox with no mail
ğŸ“®,postbox
ğŸ“¯,postal horn
ğŸ“°,newspaper
ğŸ“±,iphone
ğŸ“²,calling
ğŸ“³,vibration mode
ğŸ“´,mobile phone off
ğŸ“µ,no mobile phones
ğŸ“¶,signal strength
ğŸ“·,camera
ğŸ“¸,camera with flash
ğŸ“¹,video camera
ğŸ“º,tv
ğŸ“»,radio
ğŸ“¼,vhs
ğŸ“½ï¸,film projector
ğŸ“¿,prayer beads
ğŸ”€,twisted rightwards arrows
ğŸ”,repeat
ğŸ”‚,repeat one
ğŸ”ƒ,arrows clockwise
ğŸ”„,arrows counterclockwise
ğŸ”…,low brightness
ğŸ”†,high brightness
ğŸ”‡,mute
ğŸ”ˆ,speaker
ğŸ”‰,sound
ğŸ”Š,loud sound
ğŸ”‹,battery
ğŸ”Œ,electric plug
ğŸ”,mag
ğŸ”,mag right
ğŸ”,lock with ink pen
ğŸ”,closed lock with key
ğŸ”‘,key
ğŸ”’,lock
ğŸ”“,unlock
ğŸ””,bell
ğŸ”•,no bell
ğŸ”–,bookmark
ğŸ”—,link
ğŸ”˜,radio button
ğŸ”™,back
ğŸ”š,end
ğŸ”›,on
ğŸ”œ,soon
ğŸ”,top
ğŸ”,underage
ğŸ”Ÿ,keycap ten
ğŸ” ,capital abcd
ğŸ”¡,abcd
ğŸ”¢,1234
ğŸ”£,symbols
ğŸ”¤,abc
ğŸ”¥,fire
ğŸ”¦,flashlight
ğŸ”§,wrench
ğŸ”¨,hammer
ğŸ”©,nut and bolt
ğŸ”ª,hocho
ğŸ”«,gun
ğŸ”¬,microscope
ğŸ”­,telescope
ğŸ”®,crystal ball
ğŸ”¯,six pointed star
ğŸ”°,beginner
ğŸ”±,trident
ğŸ”²,black square button
ğŸ”³,white square button
ğŸ”´,red circle
ğŸ”µ,large blue circle
ğŸ”¶,large orange diamond
ğŸ”·,large blue diamond
ğŸ”¸,small orange diamond
ğŸ”¹,small blue diamond
ğŸ”º,small red triangle
ğŸ”»,small red triangle down
ğŸ”¼,arrow up small
ğŸ”½,arrow down small
ğŸ•Šï¸,dove of peace
ğŸ•‹,kaaba
ğŸ•Œ,mosque
ğŸ•,synagogue
ğŸ•,menorah with nine branches
ğŸ•,clock1
ğŸ•‘,clock2
ğŸ•’,clock3
ğŸ•“,clock4
ğŸ•”,clock5
ğŸ••,clock6
ğŸ•–,clock7
ğŸ•—,clock8
ğŸ•˜,clock9
ğŸ•™,clock10
ğŸ•š,clock11
ğŸ•›,clock12
ğŸ•œ,clock130
ğŸ•,clock230
ğŸ•,clock330
ğŸ•Ÿ,clock430
ğŸ• ,clock530
ğŸ•¡,clock630
ğŸ•¢,clock730
ğŸ•£,clock830
ğŸ•¤,clock930
ğŸ•¥,clock1030
ğŸ•¦,clock1130
ğŸ•§,clock1230
ğŸ•¯ï¸,candle
ğŸ•°ï¸,mantelpiece clock
ğŸ•³ï¸,hole
ğŸ•´ï¸,man in business suit levitating
ğŸ•µï¸â€â™€ï¸,female detective
ğŸ•µï¸â€â™‚ï¸,male detective
ğŸ•µï¸,sleuth or spy
ğŸ•¶ï¸,dark sunglasses
ğŸ•·ï¸,spider
ğŸ•¸ï¸,spider web
ğŸ•¹ï¸,joystick
ğŸ•º,man dancing
ğŸ–‡ï¸,linked paperclips
ğŸ–Šï¸,lower left ballpoint pen
ğŸ–‹ï¸,lower left fountain pen
ğŸ–Œï¸,lower left paintbrush
ğŸ–ï¸,lower left crayon
ğŸ–ï¸,raised hand with fingers splayed
ğŸ–•,middle finger
ğŸ––,spock hand
ğŸ–¤,black heart
ğŸ–¥ï¸,desktop computer
ğŸ–¨ï¸,printer
ğŸ–±ï¸,three button mouse
ğŸ–²ï¸,trackball
ğŸ–¼ï¸,frame with picture
ğŸ—‚ï¸,card index dividers
ğŸ—ƒï¸,card file box
ğŸ—„ï¸,file cabinet
ğŸ—‘ï¸,wastebasket
ğŸ—’ï¸,spiral note pad
ğŸ—“ï¸,spiral calendar pad
ğŸ—œï¸,compression
ğŸ—ï¸,old key
ğŸ—ï¸,rolled up newspaper
ğŸ—¡ï¸,dagger knife
ğŸ—£ï¸,speaking head in silhouette
ğŸ—¨ï¸,left speech bubble
ğŸ—¯ï¸,right anger bubble
ğŸ—³ï¸,ballot box with ballot
ğŸ—ºï¸,world map
ğŸ—»,mount fuji
ğŸ—¼,tokyo tower
ğŸ—½,statue of liberty
ğŸ—¾,japan
ğŸ—¿,moyai
ğŸ˜€,grinning
ğŸ˜,grin
ğŸ˜‚,joy
ğŸ˜ƒ,smiley
ğŸ˜„,smile
ğŸ˜…,sweat smile
ğŸ˜†,laughing
ğŸ˜‡,innocent
ğŸ˜ˆ,smiling imp
ğŸ˜‰,wink
ğŸ˜Š,blush
ğŸ˜‹,yum
ğŸ˜Œ,relieved
ğŸ˜,heart eyes
ğŸ˜,sunglasses
ğŸ˜,smirk
ğŸ˜,neutral face
ğŸ˜‘,expressionless
ğŸ˜’,unamused
ğŸ˜“,sweat
ğŸ˜”,pensive
ğŸ˜•,confused
ğŸ˜–,confounded
ğŸ˜—,kissing
ğŸ˜˜,kissing heart
ğŸ˜™,kissing smiling eyes
ğŸ˜š,kissing closed eyes
ğŸ˜›,stuck out tongue
ğŸ˜œ,stuck out tongue winking eye
ğŸ˜,stuck out tongue closed eyes
ğŸ˜,disappointed
ğŸ˜Ÿ,worried
ğŸ˜ ,angry
ğŸ˜¡,rage
ğŸ˜¢,cry
ğŸ˜£,persevere
ğŸ˜¤,triumph
ğŸ˜¥,disappointed relieved
ğŸ˜¦,frowning
ğŸ˜§,anguished
ğŸ˜¨,fearful
ğŸ˜©,weary
ğŸ˜ª,sleepy
ğŸ˜«,tired face
ğŸ˜¬,grimacing
ğŸ˜­,sob
ğŸ˜®â€ğŸ’¨,face exhaling
ğŸ˜®,open mouth
ğŸ˜¯,hushed
ğŸ˜°,cold sweat
ğŸ˜±,scream
ğŸ˜²,astonished
ğŸ˜³,flushed
ğŸ˜´,sleeping
ğŸ˜µâ€ğŸ’«,face with spiral eyes
ğŸ˜µ,dizzy face
ğŸ˜¶â€ğŸŒ«ï¸,face in clouds
ğŸ˜¶,no mouth
ğŸ˜·,mask
ğŸ˜¸,smile cat
ğŸ˜¹,joy cat
ğŸ˜º,smiley cat
ğŸ˜»,heart eyes cat
ğŸ˜¼,smirk cat
ğŸ˜½,kissing cat
ğŸ˜¾,pouting cat
ğŸ˜¿,crying cat face
ğŸ™€,scream cat
ğŸ™,slightly frowning face
ğŸ™‚,slightly smiling face
ğŸ™ƒ,upside down face
ğŸ™„,face with rolling eyes
ğŸ™…â€â™€ï¸,woman gesturing no
ğŸ™…â€â™‚ï¸,man gesturing no
ğŸ™…,no good
ğŸ™†â€â™€ï¸,woman gesturing ok
ğŸ™†â€â™‚ï¸,man gesturing ok
ğŸ™†,ok woman
ğŸ™‡â€â™€ï¸,woman bowing
ğŸ™‡â€â™‚ï¸,man bowing
ğŸ™‡,bow
ğŸ™ˆ,see no evil
ğŸ™‰,hear no evil
ğŸ™Š,speak no evil
ğŸ™‹â€â™€ï¸,woman raising hand
ğŸ™‹â€â™‚ï¸,man raising hand
ğŸ™‹,raising hand
ğŸ™Œ,raised hands
ğŸ™â€â™€ï¸,woman frowning
ğŸ™â€â™‚ï¸,man frowning
ğŸ™,person frowning
ğŸ™â€â™€ï¸,woman pouting
ğŸ™â€â™‚ï¸,man pouting
ğŸ™,person with pouting face
ğŸ™,pray
ğŸš€,rocket
ğŸš,helicopter
ğŸš‚,steam locomotive
ğŸšƒ,railway car
ğŸš„,bullettrain side
ğŸš…,bullettrain front
ğŸš†,train2
ğŸš‡,metro
ğŸšˆ,light rail
ğŸš‰,station
ğŸšŠ,tram
ğŸš‹,train
ğŸšŒ,bus
ğŸš,oncoming bus
ğŸš,trolleybus
ğŸš,busstop
ğŸš,minibus
ğŸš‘,ambulance
ğŸš’,fire engine
ğŸš“,police car
ğŸš”,oncoming police car
ğŸš•,taxi
ğŸš–,oncoming taxi
ğŸš—,car
ğŸš˜,oncoming automobile
ğŸš™,blue car
ğŸšš,truck
ğŸš›,articulated lorry
ğŸšœ,tractor
ğŸš,monorail
ğŸš,mountain railway
ğŸšŸ,suspension railway
ğŸš ,mountain cableway
ğŸš¡,aerial tramway
ğŸš¢,ship
ğŸš£â€â™€ï¸,woman rowing boat
ğŸš£â€â™‚ï¸,man rowing boat
ğŸš£,rowboat
ğŸš¤,speedboat
ğŸš¥,traffic light
ğŸš¦,vertical traffic light
ğŸš§,construction
ğŸš¨,rotating light
ğŸš©,triangular flag on post
ğŸšª,door
ğŸš«,no entry sign
ğŸš¬,smoking
ğŸš­,no smoking
ğŸš®,put litter in its place
ğŸš¯,do not litter
ğŸš°,potable water
ğŸš±,non potable water
ğŸš²,bike
ğŸš³,no bicycles
ğŸš´â€â™€ï¸,woman biking
ğŸš´â€â™‚ï¸,man biking
ğŸš´,bicyclist
ğŸšµâ€â™€ï¸,woman mountain biking
ğŸšµâ€â™‚ï¸,man mountain biking
ğŸšµ,mountain bicyclist
ğŸš¶â€â™€ï¸,woman walking
ğŸš¶â€â™‚ï¸,man walking
ğŸš¶,walking
ğŸš·,no pedestrians
ğŸš¸,children crossing
ğŸš¹,mens
ğŸšº,womens
ğŸš»,restroom
ğŸš¼,baby symbol
ğŸš½,toilet
ğŸš¾,wc
ğŸš¿,shower
ğŸ›€,bath
ğŸ›,bathtub
ğŸ›‚,passport control
ğŸ›ƒ,customs
ğŸ›„,baggage claim
ğŸ›…,left luggage
ğŸ›‹ï¸,couch and lamp
ğŸ›Œ,sleeping accommodation
ğŸ›ï¸,shopping bags
ğŸ›ï¸,bellhop bell
ğŸ›ï¸,bed
ğŸ›,place of worship
ğŸ›‘,octagonal sign
ğŸ›’,shopping trolley
ğŸ›•,hindu temple
ğŸ›–,hut
ğŸ›—,elevator
ğŸ›œ,wireless
ğŸ›,playground slide
ğŸ›,wheel
ğŸ›Ÿ,ring buoy
ğŸ› ï¸,hammer and wrench
ğŸ›¡ï¸,shield
ğŸ›¢ï¸,oil drum
ğŸ›£ï¸,motorway
ğŸ›¤ï¸,railway track
ğŸ›¥ï¸,motor boat
ğŸ›©ï¸,small airplane
ğŸ›«,airplane departure
ğŸ›¬,airplane arriving
ğŸ›°ï¸,satellite
ğŸ›³ï¸,passenger ship
ğŸ›´,scooter
ğŸ›µ,motor scooter
ğŸ›¶,canoe
ğŸ›·,sled
ğŸ›¸,flying saucer
ğŸ›¹,skateboard
ğŸ›º,auto rickshaw
ğŸ›»,pickup truck
ğŸ›¼,roller skate
ğŸŸ ,large orange circle
ğŸŸ¡,large yellow circle
ğŸŸ¢,large green circle
ğŸŸ£,large purple circle
ğŸŸ¤,large brown circle
ğŸŸ¥,large red square
ğŸŸ¦,large blue square
ğŸŸ§,large orange square
ğŸŸ¨,large yellow square
ğŸŸ©,large green square
ğŸŸª,large purple square
ğŸŸ«,large brown square
ğŸŸ°,heavy equals sign
ğŸ¤Œ,pinched fingers
ğŸ¤,white heart
ğŸ¤,brown heart
ğŸ¤,pinching hand
ğŸ¤,zipper mouth face
ğŸ¤‘,money mouth face
ğŸ¤’,face with thermometer
ğŸ¤“,nerd face
ğŸ¤”,thinking face
ğŸ¤•,face with head bandage
ğŸ¤–,robot face
ğŸ¤—,hugging face
ğŸ¤˜,the horns
ğŸ¤™,call me hand
ğŸ¤š,raised back of hand
ğŸ¤›,left facing fist
ğŸ¤œ,right facing fist
ğŸ¤,handshake
ğŸ¤,crossed fingers
ğŸ¤Ÿ,i love you hand sign
ğŸ¤ ,face with cowboy hat
ğŸ¤¡,clown face
ğŸ¤¢,nauseated face
ğŸ¤£,rolling on the floor laughing
ğŸ¤¤,drooling face
ğŸ¤¥,lying face
ğŸ¤¦â€â™€ï¸,woman facepalming
ğŸ¤¦â€â™‚ï¸,man facepalming
ğŸ¤¦,face palm
ğŸ¤§,sneezing face
ğŸ¤¨,face with raised eyebrow
ğŸ¤©,star struck
ğŸ¤ª,zany face
ğŸ¤«,shushing face
ğŸ¤¬,face with symbols on mouth
ğŸ¤­,face with hand over mouth
ğŸ¤®,face vomiting
ğŸ¤¯,exploding head
ğŸ¤°,pregnant woman
ğŸ¤±,breast feeding
ğŸ¤²,palms up together
ğŸ¤³,selfie
ğŸ¤´,prince
ğŸ¤µâ€â™€ï¸,woman in tuxedo
ğŸ¤µâ€â™‚ï¸,man in tuxedo
ğŸ¤µ,person in tuxedo
ğŸ¤¶,mrs claus
ğŸ¤·â€â™€ï¸,woman shrugging
ğŸ¤·â€â™‚ï¸,man shrugging
ğŸ¤·,shrug
ğŸ¤¸â€â™€ï¸,woman cartwheeling
ğŸ¤¸â€â™‚ï¸,man cartwheeling
ğŸ¤¸,person doing cartwheel
ğŸ¤¹â€â™€ï¸,woman juggling
ğŸ¤¹â€â™‚ï¸,man juggling
ğŸ¤¹,juggling
ğŸ¤º,fencer
ğŸ¤¼â€â™€ï¸,woman wrestling
ğŸ¤¼â€â™‚ï¸,man wrestling
ğŸ¤¼,wrestlers
ğŸ¤½â€â™€ï¸,woman playing water polo
ğŸ¤½â€â™‚ï¸,man playing water polo
ğŸ¤½,water polo
ğŸ¤¾â€â™€ï¸,woman playing handball
ğŸ¤¾â€â™‚ï¸,man playing handball
ğŸ¤¾,handball
ğŸ¤¿,diving mask
ğŸ¥€,wilted flower
ğŸ¥,drum with drumsticks
ğŸ¥‚,clinking glasses
ğŸ¥ƒ,tumbler glass
ğŸ¥„,spoon
ğŸ¥…,goal net
ğŸ¥‡,first place medal
ğŸ¥ˆ,second place medal
ğŸ¥‰,third place medal
ğŸ¥Š,boxing glove
ğŸ¥‹,martial arts uniform
ğŸ¥Œ,curling stone
ğŸ¥,lacrosse
ğŸ¥,softball
ğŸ¥,flying disc
ğŸ¥,croissant
ğŸ¥‘,avocado
ğŸ¥’,cucumber
ğŸ¥“,bacon
ğŸ¥”,potato
ğŸ¥•,carrot
ğŸ¥–,baguette bread
ğŸ¥—,green salad
ğŸ¥˜,shallow pan of food
ğŸ¥™,stuffed flatbread
ğŸ¥š,egg
ğŸ¥›,glass of milk
ğŸ¥œ,peanuts
ğŸ¥,kiwifruit
ğŸ¥,pancakes
ğŸ¥Ÿ,dumpling
ğŸ¥ ,fortune cookie
ğŸ¥¡,takeout box
ğŸ¥¢,chopsticks
ğŸ¥£,bowl with spoon
ğŸ¥¤,cup with straw
ğŸ¥¥,coconut
ğŸ¥¦,broccoli
ğŸ¥§,pie
ğŸ¥¨,pretzel
ğŸ¥©,cut of meat
ğŸ¥ª,sandwich
ğŸ¥«,canned food
ğŸ¥¬,leafy green
ğŸ¥­,mango
ğŸ¥®,moon cake
ğŸ¥¯,bagel
ğŸ¥°,smiling face with 3 hearts
ğŸ¥±,yawning face
ğŸ¥²,smiling face with tear
ğŸ¥³,partying face
ğŸ¥´,woozy face
ğŸ¥µ,hot face
ğŸ¥¶,cold face
ğŸ¥·,ninja
ğŸ¥¸,disguised face
ğŸ¥¹,face holding back tears
ğŸ¥º,pleading face
ğŸ¥»,sari
ğŸ¥¼,lab coat
ğŸ¥½,goggles
ğŸ¥¾,hiking boot
ğŸ¥¿,womans flat shoe
ğŸ¦€,crab
ğŸ¦,lion face
ğŸ¦‚,scorpion
ğŸ¦ƒ,turkey
ğŸ¦„,unicorn face
ğŸ¦…,eagle
ğŸ¦†,duck
ğŸ¦‡,bat
ğŸ¦ˆ,shark
ğŸ¦‰,owl
ğŸ¦Š,fox face
ğŸ¦‹,butterfly
ğŸ¦Œ,deer
ğŸ¦,gorilla
ğŸ¦,lizard
ğŸ¦,rhinoceros
ğŸ¦,shrimp
ğŸ¦‘,squid
ğŸ¦’,giraffe face
ğŸ¦“,zebra face
ğŸ¦”,hedgehog
ğŸ¦•,sauropod
ğŸ¦–,t rex
ğŸ¦—,cricket
ğŸ¦˜,kangaroo
ğŸ¦™,llama
ğŸ¦š,peacock
ğŸ¦›,hippopotamus
ğŸ¦œ,parrot
ğŸ¦,raccoon
ğŸ¦,lobster
ğŸ¦Ÿ,mosquito
ğŸ¦ ,microbe
ğŸ¦¡,badger
ğŸ¦¢,swan
ğŸ¦£,mammoth
ğŸ¦¤,dodo
ğŸ¦¥,sloth
ğŸ¦¦,otter
ğŸ¦§,orangutan
ğŸ¦¨,skunk
ğŸ¦©,flamingo
ğŸ¦ª,oyster
ğŸ¦«,beaver
ğŸ¦¬,bison
ğŸ¦­,seal
ğŸ¦®,guide dog
ğŸ¦¯,probing cane
ğŸ¦´,bone
ğŸ¦µ,leg
ğŸ¦¶,foot
ğŸ¦·,tooth
ğŸ¦¸â€â™€ï¸,female superhero
ğŸ¦¸â€â™‚ï¸,male superhero
ğŸ¦¸,superhero
ğŸ¦¹â€â™€ï¸,female supervillain
ğŸ¦¹â€â™‚ï¸,male supervillain
ğŸ¦¹,supervillain
ğŸ¦º,safety vest
ğŸ¦»,ear with hearing aid
ğŸ¦¼,motorized wheelchair
ğŸ¦½,manual wheelchair
ğŸ¦¾,mechanical arm
ğŸ¦¿,mechanical leg
ğŸ§€,cheese wedge
ğŸ§,cupcake
ğŸ§‚,salt
ğŸ§ƒ,beverage box
ğŸ§„,garlic
ğŸ§…,onion
ğŸ§†,falafel
ğŸ§‡,waffle
ğŸ§ˆ,butter
ğŸ§‰,mate drink
ğŸ§Š,ice cube
ğŸ§‹,bubble tea
ğŸ§Œ,troll
ğŸ§â€â™€ï¸,woman standing
ğŸ§â€â™‚ï¸,man standing
ğŸ§,standing person
ğŸ§â€â™€ï¸,woman kneeling
ğŸ§â€â™‚ï¸,man kneeling
ğŸ§,kneeling person
ğŸ§â€â™€ï¸,deaf woman
ğŸ§â€â™‚ï¸,deaf man
ğŸ§,deaf person
ğŸ§,face with monocle
ğŸ§‘â€ğŸŒ¾,farmer
ğŸ§‘â€ğŸ³,cook
ğŸ§‘â€ğŸ¼,person feeding baby
ğŸ§‘â€ğŸ„,mx claus
ğŸ§‘â€ğŸ“,student
ğŸ§‘â€ğŸ¤,singer
ğŸ§‘â€ğŸ¨,artist
ğŸ§‘â€ğŸ«,teacher
ğŸ§‘â€ğŸ­,factory worker
ğŸ§‘â€ğŸ’»,technologist
ğŸ§‘â€ğŸ’¼,office worker
ğŸ§‘â€ğŸ”§,mechanic
ğŸ§‘â€ğŸ”¬,scientist
ğŸ§‘â€ğŸš€,astronaut
ğŸ§‘â€ğŸš’,firefighter
ğŸ§‘â€ğŸ¤â€ğŸ§‘,people holding hands
ğŸ§‘â€ğŸ¦¯,person with probing cane
ğŸ§‘â€ğŸ¦°,red haired person
ğŸ§‘â€ğŸ¦±,curly haired person
ğŸ§‘â€ğŸ¦²,bald person
ğŸ§‘â€ğŸ¦³,white haired person
ğŸ§‘â€ğŸ¦¼,person in motorized wheelchair
ğŸ§‘â€ğŸ¦½,person in manual wheelchair
ğŸ§‘â€âš•ï¸,health worker
ğŸ§‘â€âš–ï¸,judge
ğŸ§‘â€âœˆï¸,pilot
ğŸ§‘,adult
ğŸ§’,child
ğŸ§“,older adult
ğŸ§”â€â™€ï¸,woman with beard
ğŸ§”â€â™‚ï¸,man with beard
ğŸ§”,bearded person
ğŸ§•,person with headscarf
ğŸ§–â€â™€ï¸,woman in steamy room
ğŸ§–â€â™‚ï¸,man in steamy room
ğŸ§–,person in steamy room
ğŸ§—â€â™€ï¸,woman climbing
ğŸ§—â€â™‚ï¸,man climbing
ğŸ§—,person climbing
ğŸ§˜â€â™€ï¸,woman in lotus position
ğŸ§˜â€â™‚ï¸,man in lotus position
ğŸ§˜,person in lotus position
ğŸ§™â€â™€ï¸,female mage
ğŸ§™â€â™‚ï¸,male mage
ğŸ§™,mage
ğŸ§šâ€â™€ï¸,female fairy
ğŸ§šâ€â™‚ï¸,male fairy
ğŸ§š,fairy
ğŸ§›â€â™€ï¸,female vampire
ğŸ§›â€â™‚ï¸,male vampire
ğŸ§›,vampire
ğŸ§œâ€â™€ï¸,mermaid
ğŸ§œâ€â™‚ï¸,merman
ğŸ§œ,merperson
ğŸ§â€â™€ï¸,female elf
ğŸ§â€â™‚ï¸,male elf
ğŸ§,elf
ğŸ§â€â™€ï¸,female genie
ğŸ§â€â™‚ï¸,male genie
ğŸ§,genie
ğŸ§Ÿâ€â™€ï¸,female zombie
ğŸ§Ÿâ€â™‚ï¸,male zombie
ğŸ§Ÿ,zombie
ğŸ§ ,brain
ğŸ§¡,orange heart
ğŸ§¢,billed cap
ğŸ§£,scarf
ğŸ§¤,gloves
ğŸ§¥,coat
ğŸ§¦,socks
ğŸ§§,red envelope
ğŸ§¨,firecracker
ğŸ§©,jigsaw
ğŸ§ª,test tube
ğŸ§«,petri dish
ğŸ§¬,dna
ğŸ§­,compass
ğŸ§®,abacus
ğŸ§¯,fire extinguisher
ğŸ§°,toolbox
ğŸ§±,bricks
ğŸ§²,magnet
ğŸ§³,luggage
ğŸ§´,lotion bottle
ğŸ§µ,thread
ğŸ§¶,yarn
ğŸ§·,safety pin
ğŸ§¸,teddy bear
ğŸ§¹,broom
ğŸ§º,basket
ğŸ§»,roll of paper
ğŸ§¼,soap
ğŸ§½,sponge
ğŸ§¾,receipt
ğŸ§¿,nazar amulet
ğŸ©°,ballet shoes
ğŸ©±,one piece swimsuit
ğŸ©²,briefs
ğŸ©³,shorts
ğŸ©´,thong sandal
ğŸ©µ,light blue heart
ğŸ©¶,grey heart
ğŸ©·,pink heart
ğŸ©¸,drop of blood
ğŸ©¹,adhesive bandage
ğŸ©º,stethoscope
ğŸ©»,x ray
ğŸ©¼,crutch
ğŸª€,yo yo
ğŸª,kite
ğŸª‚,parachute
ğŸªƒ,boomerang
ğŸª„,magic wand
ğŸª…,pinata
ğŸª†,nesting dolls
ğŸª‡,maracas
ğŸªˆ,flute
ğŸª,ringed planet
ğŸª‘,chair
ğŸª’,razor
ğŸª“,axe
ğŸª”,diya lamp
ğŸª•,banjo
ğŸª–,military helmet
ğŸª—,accordion
ğŸª˜,long drum
ğŸª™,coin
ğŸªš,carpentry saw
ğŸª›,screwdriver
ğŸªœ,ladder
ğŸª,hook
ğŸª,mirror
ğŸªŸ,window
ğŸª ,plunger
ğŸª¡,sewing needle
ğŸª¢,knot
ğŸª£,bucket
ğŸª¤,mouse trap
ğŸª¥,toothbrush
ğŸª¦,headstone
ğŸª§,placard
ğŸª¨,rock
ğŸª©,mirror ball
ğŸªª,identification card
ğŸª«,low battery
ğŸª¬,hamsa
ğŸª­,folding hand fan
ğŸª®,hair pick
ğŸª¯,khanda
ğŸª°,fly
ğŸª±,worm
ğŸª²,beetle
ğŸª³,cockroach
ğŸª´,potted plant
ğŸªµ,wood
ğŸª¶,feather
ğŸª·,lotus
ğŸª¸,coral
ğŸª¹,empty nest
ğŸªº,nest with eggs
ğŸª»,hyacinth
ğŸª¼,jellyfish
ğŸª½,wing
ğŸª¿,goose
ğŸ«€,anatomical heart
ğŸ«,lungs
ğŸ«‚,people hugging
ğŸ«ƒ,pregnant man
ğŸ«„,pregnant person
ğŸ«…,person with crown
ğŸ«,moose
ğŸ«,donkey
ğŸ«,blueberries
ğŸ«‘,bell pepper
ğŸ«’,olive
ğŸ«“,flatbread
ğŸ«”,tamale
ğŸ«•,fondue
ğŸ«–,teapot
ğŸ«—,pouring liquid
ğŸ«˜,beans
ğŸ«™,jar
ğŸ«š,ginger root
ğŸ«›,pea pod
ğŸ« ,melting face
ğŸ«¡,saluting face
ğŸ«¢,face with open eyes and hand over mouth
ğŸ«£,face with peeking eye
ğŸ«¤,face with diagonal mouth
ğŸ«¥,dotted line face
ğŸ«¦,biting lip
ğŸ«§,bubbles
ğŸ«¨,shaking face
ğŸ«°,hand with index finger and thumb crossed
ğŸ«±,rightwards hand
ğŸ«²,leftwards hand
ğŸ«³,palm down hand
ğŸ«´,palm up hand
ğŸ«µ,index pointing at the viewer
ğŸ«¶,heart hands
ğŸ«·,leftwards pushing hand
ğŸ«¸,rightwards pushing hand
â€¼ï¸,bangbang
â‰ï¸,interrobang
â„¢ï¸,tm
â„¹ï¸,information source
â†”ï¸,left right arrow
â†•ï¸,arrow up down
â†–ï¸,arrow upper left
â†—ï¸,arrow upper right
â†˜ï¸,arrow lower right
â†™ï¸,arrow lower left
â†©ï¸,leftwards arrow with hook
â†ªï¸,arrow right hook
âŒš,watch
âŒ›,hourglass
âŒ¨ï¸,keyboard
âï¸,eject
â©,fast forward
âª,rewind
â«,arrow double up
â¬,arrow double down
â­ï¸,black right pointing double triangle with vertical bar
â®ï¸,black left pointing double triangle with vertical bar
â¯ï¸,black right pointing triangle with double vertical bar
â°,alarm clock
â±ï¸,stopwatch
â²ï¸,timer clock
â³,hourglass flowing sand
â¸ï¸,double vertical bar
â¹ï¸,black square for stop
âºï¸,black circle for record
â“‚ï¸,m
â–ªï¸,black small square
â–«ï¸,white small square
â–¶ï¸,arrow forward
â—€ï¸,arrow backward
â—»ï¸,white medium square
â—¼ï¸,black medium square
â—½,white medium small square
â—¾,black medium small square
â˜€ï¸,sunny
â˜ï¸,cloud
â˜‚ï¸,umbrella
â˜ƒï¸,snowman
â˜„ï¸,comet
â˜ï¸,phone
â˜‘ï¸,ballot box with check
â˜”,umbrella with rain drops
â˜•,coffee
â˜˜ï¸,shamrock
â˜ï¸,point up
â˜ ï¸,skull and crossbones
â˜¢ï¸,radioactive sign
â˜£ï¸,biohazard sign
â˜¦ï¸,orthodox cross
â˜ªï¸,star and crescent
â˜®ï¸,peace symbol
â˜¯ï¸,yin yang
â˜¸ï¸,wheel of dharma
â˜¹ï¸,white frowning face
â˜ºï¸,relaxed
â™€ï¸,female sign
â™‚ï¸,male sign
â™ˆ,aries
â™‰,taurus
â™Š,gemini
â™‹,cancer
â™Œ,leo
â™,virgo
â™,libra
â™,scorpius
â™,sagittarius
â™‘,capricorn
â™’,aquarius
â™“,pisces
â™Ÿï¸,chess pawn
â™ ï¸,spades
â™£ï¸,clubs
â™¥ï¸,hearts
â™¦ï¸,diamonds
â™¨ï¸,hotsprings
â™»ï¸,recycle
â™¾ï¸,infinity
â™¿,wheelchair
âš’ï¸,hammer and pick
âš“,anchor
âš”ï¸,crossed swords
âš•ï¸,medical symbol
âš–ï¸,scales
âš—ï¸,alembic
âš™ï¸,gear
âš›ï¸,atom symbol
âšœï¸,fleur de lis
âš ï¸,warning
âš¡,zap
âš§ï¸,transgender symbol
âšª,white circle
âš«,black circle
âš°ï¸,coffin
âš±ï¸,funeral urn
âš½,soccer
âš¾,baseball
â›„,snowman without snow
â›…,partly sunny
â›ˆï¸,thunder cloud and rain
â›,ophiuchus
â›ï¸,pick
â›‘ï¸,helmet with white cross
â›“ï¸,chains
â›”,no entry
â›©ï¸,shinto shrine
â›ª,church
â›°ï¸,mountain
â›±ï¸,umbrella on ground
â›²,fountain
â›³,golf
â›´ï¸,ferry
â›µ,boat
â›·ï¸,skier
â›¸ï¸,ice skate
â›¹ï¸â€â™€ï¸,woman bouncing ball
â›¹ï¸â€â™‚ï¸,man bouncing ball
â›¹ï¸,person with ball
â›º,tent
â›½,fuelpump
âœ‚ï¸,scissors
âœ…,white check mark
âœˆï¸,airplane
âœ‰ï¸,email
âœŠ,fist
âœ‹,hand
âœŒï¸,v
âœï¸,writing hand
âœï¸,pencil2
âœ’ï¸,black nib
âœ”ï¸,heavy check mark
âœ–ï¸,heavy multiplication x
âœï¸,latin cross
âœ¡ï¸,star of david
âœ¨,sparkles
âœ³ï¸,eight spoked asterisk
âœ´ï¸,eight pointed black star
â„ï¸,snowflake
â‡ï¸,sparkle
âŒ,x
â,negative squared cross mark
â“,question
â”,grey question
â•,grey exclamation
â—,exclamation
â£ï¸,heavy heart exclamation mark ornament
â¤ï¸â€ğŸ”¥,heart on fire
â¤ï¸â€ğŸ©¹,mending heart
â¤ï¸,heart
â•,heavy plus sign
â–,heavy minus sign
â—,heavy division sign
â¡ï¸,arrow right
â°,curly loop
â¿,loop
â¤´ï¸,arrow heading up
â¤µï¸,arrow heading down
â¬…ï¸,arrow left
â¬†ï¸,arrow up
â¬‡ï¸,arrow down
â¬›,black large square
â¬œ,white large square
â­,star
â­•,o
ã€°ï¸,wavy dash
ã€½ï¸,part alternation mark